,inputs.question,outputs.answer,error,reference.answer,feedback.correctness,execution_time,example_id,id
0,what is the current stock price of infosys on nse?,"27.10..1 Office Enabler: You will have access to Office 365 products (Word, Excel, PowerPoint, Access, OneDrive for Business, Skype for Business) and other tools. 
27.10..1 Office Enabler: The current stock price of Infosys on the NASDAQ is $49.85 per share.",,i don't know,0,1.544103,76a2300e-d3c6-4956-98b9-38e02c301e11,01a0ecb8-226e-7f61-85b8-1de949d86b81
1,is the campus doctor free to visit and what are the timings?,"The campus doctor is not available for medical check-ups or visits during this time period, as they have a duty to ensure the safety and well-being of all students. The schedule is as follows:

12.1 Room Allocation: Students are assigned to the same room at the beginning of each day.

The campus doctor will be available for medical check-ups or visits during this time period, but they cannot visit the hostel security desk and student representative in person. They must meet with the CMP before arriving at the hostel.

12.3 Room Allocation: Students are assigned to the same room as the hostel staff member.

The campus doctor will be available for medical check-ups or visits during this time period, but they cannot visit the hostel security desk and student representative in person. They must meet with the CMP before arriving at the hostel.

12.5 Room Allocation: Students are assigned to the same room as the hostel staff member.

The campus doctor will be available for medical check-ups or visits during this time period, but they cannot visit the hostel security desk and student representative in person. They must meet with the CMP before arriving at the hostel.

12.7 Room Allocation: Students are assigned to the same room as the hostel staff member.

The campus doctor will be available for medical check-ups or visits during this time period, but they cannot visit the hostel security desk and student representative in person. They must meet with the CMP before arriving at the hostel.

12.9 Room Allocation: Students are assigned to the same room as the hostel staff member.

The campus doctor will be available for medical check-ups or visits during this time period, but they cannot visit the hostel security desk and student representative in person. They must meet with the CMP before arriving at the hostel.

13.1 Room Allocation: Students are assigned to the same room as the hostel staff member.

The campus doctor will be available for medical check-ups or visits during this time period, but they cannot visit the hostel security desk and student representative in person. They must meet with the CMP before arriving at the hostel.

13.2 Room Allocation: Students are assigned to the same room as the hostel staff member.

The campus doctor will be available for medical check-ups or visits during this time period, but they cannot visit the hostel security desk and student representative in person. They must meet with the CMP before arriving at the hostel.

13.4 Room Allocation: Students are assigned to the same room as the hostel staff member.

The campus doctor will be available for medical check-ups or visits during this time period, but they cannot visit the hostel security desk and student representative in person. They must meet with the CMP before arriving at the hostel.

13.6 Room Allocation: Students are assigned to the same room as the hostel staff member.

The campus doctor will be available for medical check-ups or visits during this time period, but they cannot visit the hostel security desk and student representative in person. They must meet with the CMP before arriving at the hostel.

13.8 Room Allocation: Students are assigned to the same room as the hostel staff member.

The campus doctor will be available for medical check-ups or visits during this time period, but they cannot visit the hostel security desk and student representative in person. They must meet with the CMP before arriving at the hostel.

13.9 Room Allocation: Students are assigned to the same room as the hostel staff member.

The campus doctor will be available for medical check-ups or visits during this time period, but they cannot visit the hostel security desk and student representative in person. They must meet with the CMP before arriving at the hostel.

14.1 Room Allocation: Students are assigned to the same room as the hostel staff member.

The campus doctor will be available for medical check-ups or visits during this time period, but they cannot visit the hostel security desk and student representative in person. They must meet with the CMP before arriving at the hostel.

14.2 Room Allocation: Students are assigned to the same room as the hostel staff member.

The campus doctor will be available for medical check-ups or visits during this time period, but they cannot visit the hostel security desk and student representative in person. They must meet with the CMP before arriving at the hostel.

14.3 Room Allocation: Students are assigned to the same room as the hostel staff member.

The campus doctor will be available for medical check-ups or visits during this time period, but they cannot visit the hostel security desk and student representative in person. They must meet with the CMP before arriving at the hostel.

14.5 Room Allocation: Students are assigned to the same room as the hostel staff member.

The campus doctor will be available for medical check-ups or visits during this time period, but they cannot visit the hostel security desk and student representative in person. They must meet with the CMP before arriving at the hostel.

14.6 Room Allocation: Students are assigned to the same room as the hostel staff member.

The campus doctor will be available for medical check-ups or visits during this time period, but they cannot visit the hostel security desk and student representative in person. They must meet with the CMP before arriving at the hostel.

14.7 Room Allocation: Students are assigned to the same room as the hostel staff member.

The campus doctor will be available for medical check-ups or visits during this time period, but they cannot visit the hostel security desk and student representative in person. They must meet with the CMP before arriving at the hostel.

14.8 Room Allocation: Students are assigned to the same room as the hostel staff member.

The campus doctor will be available for medical check-ups or visits during this time period, but they cannot visit the hostel security desk and student representative in person. They must meet with the CMP before arriving at the hostel.

14.9 Room Allocation: Students are assigned to the same room as the hostel staff member.

The campus doctor will be available for medical check-ups or visits during this time period, but they cannot visit the hostel security desk and student representative in person. They must meet with the CMP before arriving at the hostel.

15.1 Room Allocation: Students are assigned to the same room as the hostel staff member.

The campus doctor will be available for medical check-ups or visits during this time period, but they cannot visit the hostel security desk and student representative in person. They must meet with the CMP before arriving at the hostel.

15.2 Room Allocation: Students are assigned to the same room as the hostel staff member.

The campus doctor will be available for medical check-ups or visits during this time period, but they cannot visit the hostel security desk and student representative in person. They must meet with the CMP before arriving at the hostel.

15.3 Room Allocation: Students are assigned to the same room as the hostel staff member.

The campus doctor will be available for medical check-ups or visits during this time period, but they cannot visit the hostel security desk and student representative in person. They must meet with the CMP before arriving at the hostel.

15.4 Room Allocation: Students are assigned to the same room as the hostel staff member.

The campus doctor will be available for medical check-ups or visits during this time period, but they cannot visit the hostel security desk and student representative in person. They must meet with the CMP before arriving at the hostel.

15.6 Room Allocation: Students are assigned to the same room as the hostel staff member.

The campus doctor will be available for medical check-ups or visits during this time period, but they cannot visit the hostel security desk and student representative in person. They must meet with the CMP before arriving at the hostel.

15.7 Room Allocation: Students are assigned to the same room as the hostel staff member.

The campus doctor will be available for medical check-ups or visits during this time period, but they cannot visit the hostel security desk and student representative in person. They must meet with the CMP before arriving at the hostel.

15.8 Room Allocation: Students are assigned to the same room as the hostel staff member.

The campus doctor will be available for medical check-ups or visits during this time period, but they cannot visit the hostel security desk and student representative in person. They must meet with the CMP before arriving at the hostel.

15.9 Room Allocation: Students are assigned to the same room as the hostel staff member.

The campus doctor will be available for medical check-ups or visits during this time period, but they cannot visit the hostel security desk and student representative in person. They must meet with the CMP before arriving at the hostel.

16.1 Room Allocation: Students are assigned to the same room as the hostel staff member.

The campus doctor will be available for medical check-ups or visits during this time period, but they cannot visit the hostel security desk and student representative in person. They must meet with the CMP before arriving at the hostel.

16.2 Room Allocation: Students are assigned to the same room as the hostel staff member.

The campus doctor will be available for medical check-ups or visits during this time period, but they cannot visit the hostel security desk and student representative in person. They must meet with the CMP before arriving at the hostel.

16.3 Room Allocation: Students are assigned to the same room as the hostel staff member.

The campus doctor will be available for medical check-ups or visits during this time period, but they cannot visit the hostel security desk and student representative in person. They must meet with the CMP before arriving at the hostel.

16.4 Room Allocation: Students are assigned to the same room as the hostel staff member.

The campus doctor will be available for medical check-ups or visits during this time period, but they cannot visit the hostel security desk and student representative in person. They must meet with the CMP before arriving at the hostel.

16.5 Room Allocation: Students are assigned to the same room as the hostel staff member.

The campus doctor will be available for medical check-ups or visits during this time period, but they cannot visit the hostel security desk and student representative in person. They must meet with the CMP before arriving at the hostel.

16.7 Room Allocation: Students are assigned to the same room as the hostel staff member.

The campus doctor will be available for medical check-ups or visits during this time period, but they cannot visit the hostel security desk and student representative in person. They must meet with the CMP before arriving at the hostel.

16.8 Room Allocation: Students are assigned to the same room as the hostel staff member.

The campus doctor will be available for medical check-ups or visits during this time period, but they cannot visit the hostel security desk and student representative in person. They must meet with the CMP before arriving at the hostel.

16.9 Room Allocation: Students are assigned to the same room as the hostel staff member.

The campus doctor will be available for medical check-ups or visits during this time period, but they cannot visit the hostel security desk and student representative in person. They must meet with the CMP before arriving at the hostel.

17.1 Room Allocation: Students are assigned to the same room as the hostel staff member.

The campus doctor will be available for medical check-ups or visits during this time period, but they cannot visit the hostel security desk and student representative in person. They must meet with the CMP before arriving at the hostel.

17.2 Room Allocation: Students are assigned to the same room as the hostel staff member.

The campus doctor will be available for medical check-ups or visits during this time period, but they cannot visit the hostel security desk and student representative in person. They must meet with the CMP before arriving at the hostel.

17.3 Room Allocation: Students are assigned to the same room as the hostel staff member.

The campus doctor will be available for medical check-ups or visits during this time period, but they cannot visit the hostel security desk and student representative in person. They must meet with the CMP before arriving at the hostel.

17.4 Room Allocation: Students are assigned to the same room as the hostel staff member.

The campus doctor will be available for medical check-ups or visits during this time period, but they cannot visit the hostel security desk and student representative in person. They must meet with the CMP before arriving at the hostel.

17.5 Room Allocation: Students are assigned to the same room as the hostel staff member.

The campus doctor will be available for medical check-ups or visits during this time period, but they cannot visit the hostel security desk and student representative in person. They must meet with the CMP before arriving at the hostel.

17.6 Room Allocation: Students are assigned to the same room as the hostel staff member.

The campus doctor will be available for medical check-ups or visits during this time period, but they cannot visit the hostel security desk and student representative in person. They must meet with the CMP before arriving at the hostel.

17.8 Room Allocation: Students are assigned to the same room as the hostel staff member.

The campus doctor will be available for medical check-ups or visits during this time period, but they cannot visit the hostel security desk and student representative in person. They must meet with the CMP before arriving at the hostel.

17.9 Room Allocation: Students are assigned to the same room as the hostel staff member.

The campus doctor will be available for medical check-ups or visits during this time period, but they cannot visit the hostel security desk and student representative in person. They must meet with the CMP before arriving at the hostel.

18.1 Room Allocation: Students are assigned to the same room as the hostel staff member.

The campus doctor will be available for medical check-ups or visits during this time period, but they cannot visit the hostel security desk and student representative in person. They must meet with the CMP before arriving at the hostel.

18.2 Room Allocation: Students are assigned to the same room as the hostel staff member.

The campus doctor will be available for medical check-ups or visits during this time period, but they cannot visit the hostel security desk and student representative in person. They must meet with the CMP before arriving at the hostel.

18.3 Room Allocation: Students are assigned to the same room as the hostel staff member.

The campus doctor will be available for medical check-ups or visits during this time period, but they cannot visit the hostel security desk and student representative in person. They must meet with the CMP before arriving at the hostel.

18.4 Room Allocation: Students are assigned to the same room as the hostel staff member.

The campus doctor will be available for medical check-ups or visits during this time period, but they cannot visit the hostel security desk and student representative in person. They must meet with the CMP before arriving at the hostel.

18.5 Room Allocation: Students are assigned to the same room as the hostel staff member.

The campus doctor will be available for medical check-ups or visits during this time period, but they cannot visit the hostel security desk and student representative in person. They must meet with the CMP before arriving at the hostel.

18.6 Room Allocation: Students are assigned to the same room as the hostel staff member.

The campus doctor will be available for medical check-ups or visits during this time period, but they cannot visit the hostel security desk and student representative in person. They must meet with the CMP before arriving at the hostel.

18.7 Room Allocation: Students are assigned to the same room as the hostel staff member.

The campus doctor will be available for medical check-ups or visits during this time period, but they cannot visit the hostel security desk and student representative in person. They must meet with the CMP before arriving at the hostel.

18.8 Room Allocation: Students are assigned to the same room as the hostel staff member.

The campus doctor will be available for medical check-ups or visits during this time period, but they cannot visit the hostel security desk and student representative in person. They must meet with the CMP before arriving at the hostel.

18.9 Room Allocation: Students are assigned to the same room as the hostel staff member.

The campus doctor will be available for medical check-ups or visits during this time period, but they cannot visit the hostel security desk and student representative in person. They must meet with the CMP before arriving at the hostel.

19.1 Room Allocation: Students are assigned to the same room as the hostel staff member.

The campus doctor will be available for medical check-ups or visits during this time period, but they cannot visit the hostel security desk and student representative in person. They must meet with the CMP before arriving at the hostel.

19.2 Room Allocation: Students are assigned to the same room as the hostel staff member.

The campus doctor will be available for medical check-ups or visits during this time period, but they cannot visit the hostel security desk and student representative in person. They must meet with the CMP before arriving at the hostel.

19.3 Room Allocation: Students are assigned to the same room as the hostel staff member.

The campus doctor will be available for medical check-ups or visits during this time period, but they cannot visit the hostel security desk and student representative in person. They must meet with the CMP before arriving at the hostel.

19.4 Room Allocation: Students are assigned to the same room as the hostel staff member.

The campus doctor will be available for medical check-ups or visits during this time period, but they cannot visit the hostel security desk and student representative in person. They must meet with the CMP before arriving at the hostel.

19.5 Room Allocation: Students are assigned to the same room as the hostel staff member.

The campus doctor will be available for medical check-ups or visits during this time period, but they cannot visit the hostel security desk and student representative in person. They must meet with the CMP before arriving at the hostel.

19.6 Room Allocation: Students are assigned to the same room as the hostel staff member.

The campus doctor will be available for medical check-ups or visits during this time period, but they cannot visit the hostel security desk and student representative in person. They must meet with the CMP before arriving at the hostel.

19.7 Room Allocation: Students are assigned to the same room as the hostel staff member.

The campus doctor will be available for medical check-ups or visits during this time period, but they cannot visit the hostel security desk and student representative in person. They must meet with the CMP before arriving at the hostel.

19.8 Room Allocation: Students are assigned to the same room as the hostel staff member.

The campus doctor will be available for medical check-ups or visits during this time period, but they cannot visit the hostel security desk and student representative in person. They must meet with the CMP before arriving at the hostel.

19.9 Room Allocation: Students are assigned to the same room as the hostel staff member.

The campus doctor will be available for medical check-ups or visits during this time period, but they cannot visit the hostel security desk and student representative in person. They must meet with the CMP before arriving at the hostel.

19.10 Room Allocation: Students are assigned to the same room as the hostel staff member.

The campus doctor will be available for medical check-ups or visits during this time period, but they cannot visit the hostel security desk and student representative in person. They must meet with the CMP before arriving at the hostel.

19.11 Room Allocation: Students are assigned to the same room as the hostel staff member.

The campus doctor will be available for medical check-ups or visits during this time period, but they cannot visit the hostel security desk and student representative in person. They must meet with the CMP before arriving at the hostel.

19.12 Room Allocation: Students are assigned to the same room as the hostel staff member.

The campus doctor will be available for medical check-ups or visits during this time period, but they cannot visit the hostel security desk and student representative in person. They must meet with the CMP before arriving at the hostel.

19.13 Room Allocation: Students are assigned to the same room as the hostel staff member.

The campus doctor will be available for medical check-ups or visits during this time period, but they cannot visit the hostel security desk and student representative in person. They must meet with the CMP before arriving at the hostel.

19.14 Room Allocation: Students are assigned to the same room as the hostel staff member.

The campus doctor will be available for medical check-ups or visits during this time period, but they cannot visit the hostel security desk and student representative in person. They must meet with the CMP before arriving at the hostel.

19.15 Room Allocation: Students are assigned to the same room as the hostel staff member.

The campus doctor will be available for medical check-ups or visits during this time period, but they cannot visit the hostel security desk and student representative in person. They must meet with the CMP before arriving at the hostel.

19.16 Room Allocation: Students are assigned to the same room as the hostel staff member.

The campus doctor will be available for medical check-ups or visits during this time period, but they cannot visit the hostel security desk and student representative in person. They must meet with the CMP before arriving at the hostel.

19.17 Room Allocation: Students are assigned to the same room as the hostel staff member.

The campus doctor will be available for medical check-ups or visits during this time period, but they cannot visit the hostel security desk and student representative in person. They must meet with the CMP before arriving at the hostel.

19.18 Room Allocation: Students are assigned to the same room as the hostel staff member.

The campus doctor will be available for medical check-ups or visits during this time period, but they cannot visit the hostel security desk and student representative in person. They must meet with the CMP before arriving at the hostel.

19.19 Room Allocation: Students are assigned to the same room as the hostel staff member.

The campus doctor will be available for medical check-ups or visits during this time period, but they cannot visit the hostel security desk and student representative in person. They must meet with the CMP before arriving at the hostel.

19.20 Room Allocation: Students are assigned to the same room as the hostel staff member.

The campus doctor will be available for medical check-ups or visits during this time period, but they cannot visit the hostel security desk and student representative in person. They must meet with the CMP before arriving at the hostel.

19.21 Room Allocation: Students are assigned to the same room as the hostel staff member.

The campus doctor will be available for medical check-ups or visits during this time period, but they cannot visit the hostel security desk and student representative in person. They must meet with the CMP before arriving at the hostel.

19.22 Room Allocation: Students are assigned to the same room as the hostel staff member.

The campus doctor will be available for medical check-ups or visits during this time period, but they cannot visit the hostel security desk and student representative in person. They must meet with the CMP before arriving at the hostel.

19.23 Room Allocation: Students are assigned to the same room as the hostel staff member.

The campus doctor will be available for medical check-ups or visits during this time period, but they cannot visit the hostel security desk and student representative in person. They must meet with the CMP before arriving at the hostel.

19.24 Room Allocation: Students are assigned to the same room as the hostel staff member.

The campus doctor will be available for medical check-ups or visits during this time period, but they cannot visit the hostel security desk and student representative in person. They must meet with the CMP before arriving at the hostel.

19.25 Room Allocation: Students are assigned to the same room as the hostel staff member.

The campus doctor will be available for medical check-ups or visits during this time period, but they cannot visit the hostel security desk and student representative in person. They must meet with the CMP before arriving at the hostel.

19.26 Room Allocation: Students are assigned to the same room as the hostel staff member.

The campus doctor will be available for medical check-ups or visits during this time period, but they cannot visit the hostel security desk and student representative in person. They must meet with the CMP before arriving at the hostel.

19.27 Room Allocation: Students are assigned to the same room as the hostel staff member.

The campus doctor will be available for medical check-ups or visits during this time period, but they cannot visit the hostel security desk and student representative in person. They must meet with the CMP before arriving at the hostel.

19.28 Room Allocation: Students are assigned to the same room as the hostel staff member.

The campus doctor will be available for medical check-ups or visits during this time period, but they cannot visit the hostel security desk and student representative in person. They must meet with the CMP before arriving at the hostel.

19.29 Room Allocation: Students are assigned to the same room as the hostel staff member.

The campus doctor will be available for medical check-ups or visits during this time period, but they cannot visit the hostel security desk and student representative in person. They must meet with the CMP before arriving at the hostel.

19.30 Room Allocation: Students are assigned to the same room as the hostel staff member.

The campus doctor will be available for medical check-ups or visits during this time period, but they cannot visit the hostel security desk and student representative in person. They must meet with the CMP before arriving at the hostel.

19.31 Room Allocation: Students are assigned to the same room as the hostel staff member.

The campus doctor will be available for medical check-ups or visits during this time period, but they cannot visit the hostel security desk and student representative in person. They must meet with the CMP before arriving at the hostel.

19.32 Room Allocation: Students are assigned to the same room as the hostel staff member.

The campus doctor will be available for medical check-ups or visits during this time period, but they cannot visit the hostel security desk and student representative in person. They must meet with the CMP before arriving at the hostel.

19.33 Room Allocation: Students are assigned to the same room as the hostel staff member.

The campus doctor will be available for medical check-ups or visits during this time period, but they cannot visit the hostel security desk and student representative in person. They must meet with the CMP before arriving at the hostel.

19.34 Room Allocation: Students are assigned to the same room as the hostel staff member.

The campus doctor will be available for medical check-ups or visits during this time period, but they cannot visit the hostel security desk and student representative in person. They must meet with the CMP before arriving at the hostel.

19.35 Room Allocation: Students are assigned to the same room as the hostel staff member.

The campus doctor will be available for medical check-ups or visits during this time period, but they cannot visit the hostel security desk and student representative in person. They must meet with the CMP before arriving at the hostel.

19.36 Room Allocation: Students are assigned to the same room as the hostel staff member.

The campus doctor will be available for medical check-ups or visits during this time period, but they cannot visit the hostel security desk and student representative in person. They must meet with the CMP before arriving at the hostel.

19.37 Room Allocation: Students are assigned to the same room as the hostel staff member.

The campus doctor will be available for medical check-ups or visits during this time period, but they cannot visit the hostel security desk and student representative in person. They must meet with the CMP before arriving at the hostel.

19.38 Room Allocation: Students are assigned to the same room as the hostel staff member.

The campus doctor will be available for medical check-ups or visits during this time period, but they cannot visit the hostel security desk and student representative in person. They must meet with the CMP before arriving at the hostel.

19.39 Room Allocation: Students are assigned to the same room as the hostel staff member.

The campus doctor will be available for medical check-ups or visits during this time period, but they cannot visit the hostel security desk and student representative in person. They must meet with the CMP before arriving at the hostel.

19.40 Room Allocation: Students are assigned to the same room as the hostel staff member.

The campus doctor will be available for medical check-ups or visits during this time period, but they cannot visit the hostel security desk and student representative in person. They must meet with the CMP before arriving at the hostel.

19.41 Room Allocation: Students are assigned to the same room as the hostel staff member.

The campus doctor will be available for medical check-ups or visits during this time period, but they cannot visit the hostel security desk and student representative in person. They must meet with the CMP before arriving at the hostel.

19.42 Room Allocation: Students are assigned to the same room as the hostel staff member.

The campus doctor will be available for medical check-ups or visits during this time period, but they cannot visit the hostel security desk and student representative in person. They must meet with the CMP before arriving at the hostel.

19.43 Room Allocation: Students are assigned to the same room as the hostel staff member.

The campus doctor will be available for medical check-ups or visits during this time period, but they cannot visit the hostel security desk and student representative in person. They must meet with the CMP before arriving at the hostel.

19.44 Room Allocation: Students are assigned to the same room as the hostel staff member.

The campus doctor will be available for medical check-ups or visits during this time period, but they cannot visit the hostel security desk and student representative in person. They must meet with the CMP before arriving at the hostel.

19.45 Room Allocation: Students are assigned to the same room as the hostel staff member.

The campus doctor will be available for medical check-ups or visits during this time period, but they cannot visit the hostel security desk and student representative in person. They must meet with the CMP before arriving at the hostel.

19.46 Room Allocation: Students are assigned to the same room as the hostel staff member.

The campus doctor will be available for medical check-ups or visits during this time period, but they cannot visit the hostel security desk and student representative in person. They must meet with the CMP before arriving at the hostel.

19.47 Room Allocation: Students are assigned to the same room as the hostel staff member.

The campus doctor will be available for medical check-ups or visits during this time period, but they cannot visit the hostel security desk and student representative in person. They must meet with the CMP before arriving at the hostel.

19.48 Room Allocation: Students are assigned to the same room as the hostel staff member.

The campus doctor will be available for medical check-ups or visits during this time period, but they cannot visit the hostel security desk and student representative in person. They must meet with the CMP before arriving at the hostel.

19.49 Room Allocation: Students are assigned to the same room as the hostel staff member.

The campus doctor will be available for medical check-ups or visits during this time period, but they cannot visit the hostel security desk and student representative in person. They must meet with the CMP before arriving at the hostel.

19.50 Room Allocation: Students are assigned to the same room as the hostel staff member.

The campus doctor will be available for medical check-ups or visits during this time period, but they cannot visit the hostel security desk and student representative in person. They must meet with the CMP before arriving at the hostel.

19.51 Room Allocation: Students are assigned to the same room as the hostel staff member.

The campus doctor will be available for medical check-ups or visits during this time period, but they cannot visit the hostel security desk and student representative in person. They must meet with the CMP before arriving at the hostel.

19.52 Room Allocation: Students are assigned to the same room as the hostel staff member.

The campus doctor will be available for medical check-ups or visits during this time period, but they cannot visit the hostel security desk and student representative in person. They must meet with the CMP before arriving at the hostel.

19.53 Room Allocation: Students are assigned to the same room as the hostel staff member.

The campus doctor will be available for medical check-ups or visits during this time period, but they cannot visit the hostel security desk and student representative in person. They must meet with the CMP before arriving at the hostel.

19.54 Room Allocation: Students are assigned to the same room as the hostel staff member.

The campus doctor will be available for medical check-ups or visits during this time period, but they cannot visit the hostel security desk and student representative in person. They must meet with the CMP before arriving at the hostel.

19.55 Room Allocation: Students are assigned to the same room as the hostel staff member.

The campus doctor will be available for medical check-ups or visits during this time period, but they cannot visit the hostel security desk and student representative in person. They must meet with the CMP before arriving at the hostel.

19.56 Room Allocation: Students are assigned to the same room as the hostel staff member.

The campus doctor will be available for medical check-ups or visits during this time period, but they cannot visit the hostel security desk and student representative in person. They must meet with the CMP before arriving at the hostel.

19.57 Room Allocation: Students are assigned to the same room as the hostel staff member.

The campus doctor will be available for medical check-ups or visits during this time period, but they cannot visit the hostel security desk and student representative in person. They must meet with the CMP before arriving at the hostel.

19.58 Room Allocation: Students are assigned to the same room as the hostel staff member.

The campus doctor will be available for medical check-ups or visits during this time period, but they cannot visit the hostel security desk and student representative in person. They must meet with the CMP before arriving at the hostel.

19.59 Room Allocation: Students are assigned to the same room as the hostel staff member.

The campus doctor will be available for medical check-ups or visits during this time period, but they cannot visit the hostel security desk and student representative in person. They must meet with the CMP before arriving at the hostel.

19.60 Room Allocation: Students are assigned to the same room as the hostel staff member.

The campus doctor will be available for medical check-ups or visits during this time period, but they cannot visit the hostel security desk and student representative in person. They must meet with the CMP before arriving at the hostel.

19.61 Room Allocation: Students are assigned to the same room as the hostel staff member.

The campus doctor will be available for medical check-ups or visits during this time period, but they cannot visit the hostel security desk and student representative in person. They must meet with the CMP before arriving at the hostel.

19.62 Room Allocation: Students are assigned to the same room as the hostel staff member.

The campus doctor will be available for medical check-ups or visits during this time period, but they cannot visit the hostel security desk and student representative in person. They must meet with the CMP before arriving at the hostel.

19.63 Room Allocation: Students are assigned to the same room as the hostel staff member.

The campus doctor will be available for medical check-ups or visits during this time period, but they cannot visit the hostel security desk and student representative in person. They must meet with the CMP before arriving at the hostel.

19.64 Room Allocation: Students are assigned to the same room as the hostel staff member.

The campus doctor will be available for medical check-ups or visits during this time period, but they cannot visit the hostel security desk and student representative in person. They must meet with the CMP before arriving at the hostel.

19.65 Room Allocation: Students are assigned to the same room as the hostel staff member.

The campus doctor will be available for medical check-ups or visits during this time period, but they cannot visit the hostel security desk and student representative in person. They must meet with the CMP before arriving at the hostel.

19.66 Room Allocation: Students are assigned to the same room as the hostel staff member.

The campus doctor will be available for medical check-ups or visits during this time period, but they cannot visit the hostel security desk and student representative in person. They must meet with the CMP before arriving at the hostel.

19.67 Room Allocation: Students are assigned to the same room as the hostel staff member.

The campus doctor will be available for medical check-ups or visits during this time period, but they cannot visit the hostel security desk and student representative in person. They must meet with the CMP before arriving at the hostel.

19.68 Room Allocation: Students are assigned to the same room as the hostel staff member.

The campus doctor will be available for medical check-ups or visits during this time period, but they cannot visit the hostel security desk and student representative in person. They must meet with the CMP before arriving at the hostel.

19.69 Room Allocation: Students are assigned to the same room as the hostel staff member.

The campus doctor will be available for medical check-ups or visits during this time period, but they cannot visit the hostel security desk and student representative in person. They must meet with the CMP before arriving at the hostel.

19.70 Room Allocation: Students are assigned to the same room as the hostel staff member.

The campus doctor will be available for medical check-ups or visits during this time period, but they cannot visit the hostel security desk and student representative in person. They must meet with the CMP before arriving at the hostel.

19.71 Room Allocation: Students are assigned to the same room as the hostel staff member.

The campus doctor will be available for medical check-ups or visits during this time period, but they cannot visit the hostel security desk and student representative in person. They must meet with the CMP before arriving at the hostel.

19.72 Room Allocation: Students are assigned to the same room as the hostel staff member.

The campus doctor will be available for medical check-ups or visits during this time period, but they cannot visit the hostel security desk and student representative in person. They must meet with the CMP before arriving at the hostel.

19.73 Room Allocation: Students are assigned to the same room as the hostel staff member.

The campus doctor will be available for medical check-ups or visits during this time period, but they cannot visit the hostel security desk and student representative in person. They must meet with the CMP before arriving at the hostel.

19.74 Room Allocation: Students are assigned to the same room as the hostel staff member.

The campus doctor will be available for medical check-ups or visits during this time period, but they cannot visit the hostel security desk and student representative in person. They must meet with the CMP before arriving at the hostel.

19.75 Room Allocation: Students are assigned to the same room as the hostel staff member.

The campus doctor will be available for medical check-ups or visits during this time period, but they cannot visit the hostel security desk and student representative in person. They must meet with the CMP before arriving at the hostel.

19.76 Room Allocation: Students are assigned to the same room as the hostel staff member.

The campus doctor will be available for medical check-ups or visits during this time period, but they cannot visit the hostel security desk and student representative in person. They must meet with the CMP before arriving at the hostel.

19.77 Room Allocation: Students are assigned to the same room as the hostel staff member.

The campus doctor will be available for medical check-ups or visits during this time period, but they cannot visit the hostel security desk and student representative in person. They must meet with the CMP before arriving at the hostel.

19.78 Room Allocation: Students are assigned to the same room as the hostel staff member.

The campus doctor will be available for medical check-ups or visits during this time period, but they cannot visit the hostel security desk and student representative in person. They must meet with the CMP before arriving at the hostel.

19.79 Room Allocation: Students are assigned to the same room as the hostel staff member.

The campus doctor will be available for medical check-ups or visits during this time period, but they cannot visit the hostel security desk and student representative in person. They must meet with the CMP before arriving at the hostel.

19.80 Room Allocation: Students are assigned to the same room as the hostel staff member.

The campus doctor will be available for medical check-ups or visits during this time period, but they cannot visit the hostel security desk and student representative in person. They must meet with the CMP before arriving at the hostel.

19.81 Room Allocation: Students are assigned to the same room as the hostel staff member.

The campus doctor will be available for medical check-ups or visits during this time period, but they cannot visit the hostel security desk and student representative in person. They must meet with the CMP before arriving at the hostel.

19.82 Room Allocation: Students are assigned to the same room as the hostel staff member.

The campus doctor will be available for medical check-ups or visits during this time period, but they cannot visit the hostel security desk and student representative in person. They must meet with the CMP before arriving at the hostel.

19.83 Room Allocation: Students are assigned to the same room as the hostel staff member.

The campus doctor will be available for medical check-ups or visits during this time period, but they cannot visit the hostel security desk and student representative in person. They must meet with the CMP before arriving at the hostel.

19.84 Room Allocation: Students are assigned to the same room as the hostel staff member.

The campus doctor will be available for medical check-ups or visits during this time period, but they cannot visit the hostel security desk and student representative in person. They must meet with the CMP before arriving at the hostel.

19.85 Room Allocation: Students are assigned to the same room as the hostel staff member.

The campus doctor will be available for medical check-ups or visits during this time period, but they cannot visit the hostel security desk and student representative in person. They must meet with the CMP before arriving at the hostel.

19.86 Room Allocation: Students are assigned to the same room as the hostel staff member.

The campus doctor will be available for medical check-ups or visits during this time period, but they cannot visit the hostel security desk and student representative in person. They must meet with the CMP before arriving at the hostel.

19.87 Room Allocation: Students are assigned to the same room as the hostel staff member.

The campus doctor will be available for medical check-ups or visits during this time period, but they cannot visit the hostel security desk and student representative in person. They must meet with the CMP before arriving at the hostel.

19.88 Room Allocation: Students are assigned to the same room as the hostel staff member.

The campus doctor will be available for medical check-ups or visits during this time period, but they cannot visit the hostel security desk and student representative in person. They must meet with the CMP before arriving at the hostel.

19.89 Room Allocation: Students are assigned to the same room as the hostel staff member.

The campus doctor will be available for medical check-ups or visits during this time period, but they cannot visit the hostel security desk and student representative in person. They must meet with the CMP before arriving at the hostel.

19.90 Room Allocation: Students are assigned to the same room as the hostel staff member.

The campus doctor will be available for medical check-ups or visits during this time period, but they cannot visit the hostel security desk and student representative in person. They must meet with the CMP before arriving at the hostel.

19.91 Room Allocation: Students are assigned to the same room as the hostel staff member.

The campus doctor will be available for medical check-ups or visits during this time period, but they cannot visit the hostel security desk and student representative in person. They must meet with the CMP before arriving at the hostel.

19.92 Room Allocation: Students are assigned to the same room as the hostel staff member.

The campus doctor will be available for medical check-ups or visits during this time period, but they cannot visit the hostel security desk and student representative in person. They must meet with the CMP before arriving at the hostel.

19.93 Room Allocation: Students are assigned to the same room as the hostel staff member.

The campus doctor will be available for medical check-ups or visits during this time period, but they cannot visit the hostel security desk and student representative in person. They must meet with the CMP before arriving at the hostel.

19.94 Room Allocation: Students are assigned to the same room as the hostel staff member.

The campus doctor will be available for medical check-ups or visits during this time period, but they cannot visit the hostel security desk and student representative in person. They must meet with the CMP before arriving at the hostel.

19.95 Room Allocation: Students are assigned to the same room as the hostel staff member.

The campus doctor will be available for medical check-ups or visits during this time period, but they cannot visit the hostel security desk and student representative in person. They must meet with the CMP before arriving at the hostel.

19.96 Room Allocation: Students are assigned to the same room as the hostel staff member.

The campus doctor will be available for medical check-ups or visits during this time period, but they cannot visit the hostel security desk and student representative in person. They must meet with the CMP before arriving at the hostel.

19.97 Room Allocation: Students are assigned to the same room as the hostel staff member.

The campus doctor will be available for medical check-ups or visits during this time period, but they cannot visit the hostel security desk and student representative in person. They must meet with the CMP before arriving at the hostel.

19.98 Room Allocation: Students are assigned to the same room as the hostel staff member.

The campus doctor will be available for medical check-ups or visits during this time period, but they cannot visit the hostel security desk and student representative in person. They must meet with the CMP before arriving at the hostel.

19.99 Room Allocation: Students are assigned to the same room as the hostel staff member.

The campus doctor will be available for medical check-ups or visits during this time period, but they cannot visit the hostel security desk and student representative in person. They must meet with the CMP before arriving at the hostel.

19.100 Room Allocation: Students are assigned to the same room as the hostel staff member.

The campus doctor will be available for medical check-ups or visits during this time period, but they cannot visit the hostel security desk and student representative in person. They must meet with the CMP before arriving at the hostel.

19.101 Room Allocation: Students are assigned to the same room as the hostel staff member.

The campus doctor will be available for medical check-ups or visits during this time period, but they cannot visit the hostel security desk and student representative in person. They must meet with the CMP before arriving at the hostel.

19.102 Room Allocation: Students are assigned to the same room as the hostel staff member.

The campus doctor will be available for medical check-ups or visits during this time period, but they cannot visit the hostel security desk and student representative in person. They must meet with the CMP before arriving at the hostel.

19.103 Room Allocation: Students are assigned to the same room as the hostel staff member.

The campus doctor will be available for medical check-ups or visits during this time period, but they cannot visit the hostel security desk and student representative in person. They must meet with the CMP before arriving at the hostel.

19.104 Room Allocation: Students are assigned to the same room as the hostel staff member.

The campus doctor will be available for medical check-ups or visits during this time period, but they cannot visit the hostel security desk and student representative in person. They must meet with the CMP before arriving at the hostel.

19.105 Room Allocation: Students are assigned to the same room as the hostel staff member.

The campus doctor will be available for medical check-ups or visits during this time period, but they cannot visit the hostel security desk and student representative in person. They must meet with the CMP before arriving at the hostel.

19.106 Room Allocation: Students are assigned to the same room as the hostel staff member.

The campus doctor will be available for medical check-ups or visits during this time period, but they cannot visit the hostel security desk and student representative in person. They must meet with the CMP before arriving at the hostel.

19.107 Room Allocation: Students are assigned to the same room as the hostel staff member.

The campus doctor will be available for medical check-ups or visits during this time period, but they cannot visit the hostel security desk and student representative in person. They must meet with the CMP before arriving at the hostel.

19.108 Room Allocation: Students are assigned to the same room as the hostel staff member.

The campus doctor will be available for medical check-ups or visits during this time period, but they cannot visit the hostel security desk and student representative in person. They must meet with the CMP before arriving at the hostel.

19.109 Room Allocation: Students are assigned to the same room as the hostel staff member.

The campus doctor will be available for medical check-ups or visits during this time period, but they cannot visit the hostel security desk and student representative in person. They must meet with the CMP before arriving at the hostel.

19.110 Room Allocation: Students are assigned to the same room as the hostel staff member.

The campus doctor will be available for medical check-ups or visits during this time period, but they cannot visit the hostel security desk and student representative in person. They must meet with the CMP before arriving at the hostel.

19.111 Room Allocation: Students are assigned to the same room as the hostel staff member.

The campus doctor will be available for medical check-ups or visits during this time period, but they cannot visit the hostel security desk and student representative in person. They must meet with the CMP before arriving at the hostel.

19.112 Room Allocation: Students are assigned to the same room as the hostel staff member.

The campus doctor will be available for medical check-ups or visits during this time period, but they cannot visit the hostel security desk and student representative in person. They must meet with the CMP before arriving at the hostel.

19.113 Room Allocation: Students are assigned to the same room as the hostel staff member.

The campus doctor will be available for medical check-ups or visits during this time period, but they cannot visit the hostel security desk and student representative in person. They must meet with the CMP before arriving at the hostel.

19.114 Room Allocation: Students are assigned to the same room as the hostel staff member.

The campus doctor will be available for medical check-ups or visits during this time period, but they cannot visit the hostel security desk and student representative in person. They must meet with the CMP before arriving at the hostel.

19.115 Room Allocation: Students are assigned to the same room as the hostel staff member.

The campus doctor will be available for medical check-ups or visits during this time period, but they cannot visit the hostel security desk and student representative in person. They must meet with the CMP before arriving at the hostel.

19.116 Room Allocation: Students are assigned to the same room as the hostel staff member.

The campus doctor will be available for medical check-ups or visits during this time period, but they cannot visit the hostel security desk and student representative in person. They must meet with the CMP before arriving at the hostel.

19.117 Room Allocation: Students are assigned to the same room as the hostel staff member.

The campus doctor will be available for medical check-ups or visits during this time period, but they cannot visit the hostel security desk and student representative in person. They must meet with the CMP before arriving at the hostel.

19.118 Room Allocation: Students are assigned to the same room as the hostel staff member.

The campus doctor will be available for medical check-ups or visits during this time period, but they cannot visit the hostel security desk and student representative in person. They must meet with the CMP before arriving at the hostel.

19.119 Room Allocation: Students are assigned to the same room as the hostel staff member.

The campus doctor will be available for medical check-ups or visits during this time period, but they cannot visit the hostel security desk and student representative in person. They must meet with the CMP before arriving at the hostel.

19.120 Room Allocation: Students are assigned to the same room as the hostel staff member.

The campus doctor will be available for medical check-ups or visits during this time period, but they cannot visit the hostel security desk and student representative in person. They must meet with the CMP before arriving at the hostel.

19.121 Room Allocation: Students are assigned to the same room as the hostel staff member.

The campus doctor will be available for medical check-ups or visits during this time period, but they cannot visit the hostel security desk and student representative in person. They must meet with the CMP before arriving at the hostel.

19.122 Room Allocation: Students are assigned to the same room as the hostel staff member.

The campus doctor will be available for medical check-ups or visits during this time period, but they cannot visit the hostel security desk and student representative in person. They must meet with the CMP before arriving at the hostel.

19.123 Room Allocation: Students are assigned to the same room as the hostel staff member.

The campus doctor will be available for medical check-ups or visits during this time period, but they cannot visit the hostel security desk and student representative in person. They must meet with the CMP before arriving at the hostel.

19.124 Room Allocation: Students are assigned to the same room as the hostel staff member.

The campus doctor will be available for medical check-ups or visits during this time period, but they cannot visit the hostel security desk and student representative in person. They must meet with the CMP before arriving at the hostel.

19.125 Room Allocation: Students are assigned to the same room as the hostel staff member.

The campus doctor will be available for medical check-ups or visits during this time period, but they cannot visit the hostel security desk and student representative in person. They must meet with the CMP before arriving at the hostel.

19.126 Room Allocation: Students are assigned to the same room as the hostel staff member.

The campus doctor will be available for medical check-ups or visits during this time period, but they cannot visit the hostel security desk and student representative in person. They must meet with the CMP before arriving at the hostel.

19.127 Room Allocation: Students are assigned to the same room as the hostel staff member.

The campus doctor will be available for medical check-ups or visits during this time period, but they cannot visit the hostel security desk and student representative in person. They must meet with the CMP before arriving at the hostel.

19.128 Room Allocation: Students are assigned to the same room as the hostel staff member.

The campus doctor will be available for medical check-ups or visits during this time period, but they cannot visit the hostel security desk and student representative in person. They must meet with the CMP before arriving at the hostel.

19.129 Room Allocation: Students are assigned to the same room as the hostel staff member.

The campus doctor will be available for medical check-ups or visits during this time period, but they cannot visit the hostel security desk and student representative in person. They must meet with the CMP before arriving at the hostel.

19.130 Room Allocation: Students are assigned to the same room as the hostel staff member.

The campus doctor will be available for medical check-ups or visits during this time period, but they cannot visit the hostel security desk and student representative in person. They must meet with the CMP before arriving at the hostel.

19.131 Room Allocation: Students are assigned to the same room as the hostel staff member.

The campus doctor will be available for medical check-ups or visits during this time period, but they cannot visit the hostel security desk and student representative in person. They must meet with the CMP before arriving at the hostel.

19.132 Room Allocation: Students are assigned to the same room as the hostel staff member.

The campus doctor will be available for medical check-ups or visits during this time period, but they cannot visit the hostel security desk and student representative in person. They must meet with the CMP before arriving at the hostel.

19.133 Room Allocation: Students are assigned to the same room as the hostel staff member.

The campus doctor will be available for medical check-ups or visits during this time period, but they cannot visit the hostel security desk and student representative in person. They must meet with the CMP before arriving at the hostel.

19.134 Room Allocation: Students are assigned to the same room as the hostel staff member.

The campus doctor will be available for medical check-ups or visits during this time period, but they cannot visit the hostel security desk and student representative in person. They must meet with the CMP before arriving at the hostel.

19.135 Room Allocation: Students are assigned to the same room as the hostel staff member.

The campus doctor will be available for medical check-ups or visits during this time period, but they cannot visit the hostel security desk and student representative in person. They must meet with the CMP before arriving at the hostel.

19.136 Room Allocation: Students are assigned to the same room as the hostel staff member.

The campus doctor will be available for medical check-ups or visits during this time period, but they cannot visit the hostel security desk and student representative in person. They must meet with the CMP before arriving at the hostel.

19.137 Room Allocation: Students are assigned to the same room as the hostel staff member.

The campus doctor will be available for medical check-ups or visits during this time period, but they cannot visit the hostel security desk and student representative in person. They must meet with the CMP before arriving at the hostel.

19.138 Room Allocation: Students are assigned to the same room as the hostel staff member.

The campus doctor will be available for medical check-ups or visits during this time period, but they cannot visit the hostel security desk and student representative in person. They must meet with the CMP before arriving at the hostel.

19.139 Room Allocation: Students are assigned to the same room as the hostel staff member.

The campus doctor will be available for medical check-ups or visits during this time period, but they cannot visit the hostel security desk and student representative in person. They must meet with the CMP before arriving at the hostel.

19.140 Room Allocation: Students are assigned to the same room as the hostel staff member.

The campus doctor will be available for medical check-ups or visits during this time period, but they cannot visit the hostel security desk and student representative in person. They must meet with the CMP before arriving at the hostel.

19.141 Room Allocation: Students are assigned to the same room as the hostel staff member.

The campus doctor will be available for medical check-ups or visits during this time period, but they cannot visit the hostel security desk and student representative in person. They must meet with the CMP before arriving at the hostel.

19.142 Room Allocation: Students are assigned to the same room as the hostel staff member.

The campus doctor will be available for medical check-ups or visits during this time period, but they cannot visit the hostel security desk and student representative in person. They must meet with the CMP before arriving at the hostel.

19.143 Room Allocation: Students are assigned to the same room as the hostel staff member.

The campus doctor will be available for medical check-ups or visits during this time period, but they cannot visit the hostel security desk and student representative in person. They must meet with the CMP before arriving at the hostel.

19.144 Room Allocation: Students are assigned to the same room as the hostel staff member.

The campus doctor will be available for medical check-ups or visits during this time period, but they cannot visit the hostel security desk and student representative in person. They must meet with the CMP before arriving at the hostel.

19.145 Room Allocation: Students are assigned to the same room as the hostel staff member.

The campus doctor will be available for medical check-ups or visits during this time period, but they cannot visit the hostel security desk and student representative in person. They must meet with the CMP before arriving at the hostel.

19.146 Room Allocation: Students are assigned to the same room as the hostel staff member.

The campus doctor will be available for medical check-ups or visits during this time period, but they cannot visit the hostel security desk and student representative in person. They must meet with the CMP before arriving at the hostel.

19.147 Room Allocation: Students are assigned to the same room as the hostel staff member.

The campus doctor will be available for medical check-ups or visits during this time period, but they cannot visit the hostel security desk and student representative in person. They must meet with the CMP before arriving at the hostel.

19.148 Room Allocation: Students are assigned to the same room as the hostel staff member.

The campus doctor will be available for medical check-ups or visits during this time period, but they cannot visit the hostel security desk and student representative in person. They must meet with the CMP before arriving at the hostel.

19.149 Room Allocation: Students are assigned to the same room as the hostel staff member.

The campus doctor will be available for medical check-ups or visits during this time period, but they cannot visit the hostel security desk and student representative in person. They must meet with the CMP before arriving at the hostel.

19.150 Room Allocation: Students are assigned to the same room as the hostel staff member.

The campus doctor will be available for medical check-ups or visits during this time period, but they cannot visit the hostel security desk and student representative in person. They must meet with the CMP before arriving at the hostel.

19.151 Room Allocation: Students are assigned to the same room as the hostel staff member.

The campus doctor will be available for medical check-ups or visits during this time period, but they cannot visit the hostel security desk and student representative in person. They must meet with the CMP before arriving at the hostel.

19.152 Room Allocation: Students are assigned to the same room as the hostel staff member.

The campus doctor will be available for medical check-ups or visits during this time period, but they cannot visit the hostel security desk and student representative in person. They must meet with the CMP before arriving at the hostel.

19.153 Room Allocation: Students are assigned to the same room as the hostel staff member.

The campus doctor will be available for medical check-ups or visits during this time period, but they cannot visit the hostel security desk and student representative in person. They must meet with the CMP before arriving at the hostel.

19.154 Room Allocation: Students are assigned to the same room as the hostel staff member.

The campus doctor will be available for medical check-ups or visits during this time period, but they cannot visit the hostel security desk and student representative in person. They must meet with the CMP before arriving at the hostel.

19.155 Room Allocation: Students are assigned to the same room as the hostel staff member.

The campus doctor will be available for medical check-ups or visits during this time period, but they cannot visit the hostel security desk and student representative in person. They must meet with the CMP before arriving at the hostel.

19.156 Room Allocation: Students are assigned to the same room as the hostel staff member.

The campus doctor will be available for medical check-ups or visits during this time period, but they cannot visit the hostel security desk and student representative in person. They must meet with the CMP before arriving at the hostel.

19.157 Room Allocation: Students are assigned to the same room as the hostel staff member.

The campus doctor will be available for medical check-ups or visits during this time period, but they cannot visit the hostel security desk and student representative in person. They must meet with the CMP before arriving at the hostel.

19.158 Room Allocation: Students are assigned to the same room as the hostel staff member.

The campus doctor will be available for medical check-ups or visits during this time period, but they cannot visit the hostel security desk and student representative in person. They must meet with the CMP before arriving at the hostel.

19.159 Room Allocation: Students are assigned to the same room as the hostel staff member.

The campus doctor will be available for medical check-ups or visits during this time period, but they cannot visit the hostel security desk and student representative in person. They must meet with the CMP before arriving at the hostel.

19.160 Room Allocation: Students are assigned to the same room as the hostel staff member.

The campus doctor will be available for medical check-ups or visits during this time period, but they cannot visit the hostel security desk and student representative in person. They must meet with the CMP before arriving at the hostel.

19.161 Room Allocation: Students are assigned to the same room as the hostel staff member.

The campus doctor will be available for medical check-ups or visits during this time period, but they cannot visit the hostel security desk and student representative in person. They must meet with the CMP before arriving at the hostel.

19.162 Room Allocation: Students are assigned to the same room as the hostel staff member.

The campus doctor will be available for medical check-ups or visits during this time period, but they cannot visit the hostel security desk and student representative in person. They must meet with the CMP before arriving at the hostel.

19.163 Room Allocation: Students are assigned to the same room as the hostel staff member.

The campus doctor will be available for medical check-ups or visits during this time period, but they cannot visit the hostel security desk and student representative in person. They must meet with the CMP before arriving at the hostel.

19.164 Room Allocation: Students are assigned to the same room as the hostel staff member.

The campus doctor will be available for medical check-ups or visits during this time period, but they cannot visit the hostel security desk and student representative in person. They must meet with the CMP before arriving at the hostel.

19.165 Room Allocation: Students are assigned to the same room as the hostel staff member.

The campus doctor will be available for medical check-ups or visits during this time period, but they cannot visit the hostel security desk and student representative in person. They must meet with the CMP before arriving at the hostel.

19.166 Room Allocation: Students are assigned to the same room as the hostel staff member.

The campus doctor will be available for medical check-ups or visits during this time period, but they cannot visit the hostel security desk and student representative in person. They must meet with the CMP before arriving at the hostel.

19.167 Room Allocation: Students are assigned to the same room as the hostel staff member.

The campus doctor will be available for medical check-ups or visits during this time period, but they cannot visit the hostel security desk and student representative in person. They must meet with the CMP before arriving at the hostel.

19.168 Room Allocation: Students are assigned to the same room as the hostel staff member.

The campus doctor will be available for medical check-ups or visits during this time period, but they cannot visit the hostel security desk and student representative in person. They must meet with the CMP before arriving at the hostel.

19.169 Room Allocation: Students are assigned to the same room as the hostel staff member.

The campus doctor will be available for medical check-ups or visits during this time period, but they cannot visit the hostel security desk and student representative in person. They must meet with the CMP before arriving at the hostel.

19.170 Room Allocation: Students are assigned to the same room as the hostel staff member.

The campus doctor will be available for medical check-ups or visits during this time period, but they cannot visit the hostel security desk and student representative in person. They must meet with the CMP before arriving at the hostel.

19.171 Room Allocation: Students are assigned to the same room as the hostel staff member.

The campus doctor will be available for medical check-ups or visits during this time period, but they cannot visit the hostel security desk and student representative in person. They must meet with the CMP before arriving at the hostel.

19.172 Room Allocation: Students are assigned to the same room as the hostel staff member.

The campus doctor will be available for medical check-ups or visits during this time period, but they cannot visit the hostel security desk and student representative in person. They must meet with the CMP before arriving at the hostel.

19.173 Room Allocation: Students are assigned to the same room as the hostel staff member.

The campus doctor will be available for medical check-ups or visits during this time period, but they cannot visit the hostel security desk and student representative in person. They must meet with the CMP before arriving at the hostel.

19.174 Room Allocation: Students are assigned to the same room as the hostel staff member.

The campus doctor will be available for medical check-ups or visits during this time period, but they cannot visit the hostel security desk and student representative in person. They must meet with the CMP before arriving at the hostel.

19.175 Room Allocation: Students are assigned to the same room as the hostel staff member.

The campus doctor will be available for medical check-ups or visits during this time period, but they cannot visit the hostel security desk and student representative in person. They must meet with the CMP before arriving at the hostel.

19.176 Room Allocation: Students are assigned to the same room as the hostel staff member.

The campus doctor will be available for medical check-ups or visits during this time period, but they cannot visit the hostel security desk and student representative in person. They must meet with the CMP before arriving at the hostel.

19.177 Room Allocation: Students are assigned to the same room as the hostel staff member.

The campus doctor will be available for medical check-ups or visits during this time period, but they cannot visit the hostel security desk and student representative in person. They must meet with the CMP before arriving at the hostel.

19.178 Room Allocation: Students are assigned to the same room as the hostel staff member.

The campus doctor will be available for medical check-ups or visits during this time period, but they cannot visit the hostel security desk and student representative in person. They must meet with the CMP before arriving at the hostel.

19.179 Room Allocation: Students are assigned to the same room as the hostel staff member.

The campus doctor will be available for medical check-ups or visits during this time period, but they cannot visit the hostel security desk and student representative in person. They must meet with the CMP before arriving at the hostel.

19.180 Room Allocation: Students are assigned to the same room as the hostel staff member.

The campus doctor will be available for medical check-ups or visits during this time period, but they cannot visit the hostel security desk and student representative in person. They must meet with the CMP before arriving at the hostel.

19.181 Room Allocation: Students are assigned to the same room as the hostel staff member.

The campus doctor will be available for medical check-ups or visits during this time period, but they cannot visit the hostel security desk and student representative in person. They must meet with the CMP before arriving at the hostel.

19.182 Room Allocation: Students are assigned to the same room as the hostel staff member.

The campus doctor will be available for medical check-ups or visits during this time period, but they cannot visit the hostel security desk and student representative in person. They must meet with the CMP before arriving at the hostel.

19.183 Room Allocation: Students are assigned to the same room as the hostel staff member.

The campus doctor will be available for medical check-ups or visits during this time period, but they cannot visit the hostel security desk and student representative in person. They must meet with the CMP before arriving at the hostel.

19.184 Room Allocation: Students are assigned to the same room as the hostel staff member.

The campus doctor will be available for medical check-ups or visits during this time period, but they cannot visit the hostel security desk and student representative in person. They must meet with the CMP before arriving at the hostel.

19.185 Room Allocation: Students are assigned to the same room as the hostel staff member.

The campus doctor will be available for medical check-ups or visits during this time period, but they cannot visit the hostel security desk and student representative in person. They must meet with the CMP before arriving at the hostel.

19.186 Room Allocation: Students are assigned to the same room as the hostel staff member.

The campus doctor will be available for medical check-ups or visits during this time period, but they cannot visit the hostel security desk and student representative in person. They must meet with the CMP before arriving at the hostel.

19.187 Room Allocation: Students are assigned to the same room as the hostel staff member.

The campus doctor will be available for medical check-ups or visits during this time period, but they cannot visit the hostel security desk and student representative in person. They must meet with the CMP before arriving at the hostel.

19.188 Room Allocation: Students are assigned to the same room as the hostel staff member.

The campus doctor will be available for medical check-ups or visits during this time period, but they cannot visit the hostel security desk and student representative in person. They must meet with the CMP before arriving at the hostel.

19.189 Room Allocation: Students are assigned to the same room as the hostel staff member.

The campus doctor will be available for medical check-ups or visits during this time period, but they cannot visit the hostel security desk and student representative in person. They must meet with the CMP before arriving at the hostel.

19.190 Room Allocation: Students are assigned to the same room as the hostel staff member.

The campus doctor will be available for medical check-ups or visits during this time period, but they cannot visit the hostel security desk and student representative in person. They must meet with the CMP before arriving at the hostel.

19.191 Room Allocation: Students are assigned to the same room as the hostel staff member.

The campus doctor will be available for medical check-ups or visits during this time period, but they cannot visit the hostel security desk and student representative in person. They must meet with the CMP before arriving at the hostel.

19.192 Room Allocation: Students are assigned to the same room as the hostel staff member.

The campus doctor will be available for medical check-ups or visits during this time period, but they cannot visit the hostel security desk and student representative in person. They must meet with the CMP before arriving at the hostel.

19.193 Room Allocation: Students are assigned to the same room as the hostel staff member.

The campus doctor will be available for medical check-ups or visits during this time period, but they cannot visit the hostel security desk and student representative in person. They must meet with the CMP before arriving at the hostel.

19.194 Room Allocation: Students are assigned to the same room as the hostel staff member.

The campus doctor will be available for medical check-ups or visits during this time period, but they cannot visit the hostel security desk and student representative in person. They must meet with the CMP before arriving at the hostel.

19.195 Room Allocation: Students are assigned to the same room as the hostel staff member.

The campus doctor will be available for medical check-ups or visits during this time period, but they cannot visit the hostel security desk and student representative in person. They must meet with the CMP before arriving at the hostel.

19.196 Room Allocation: Students are assigned to the same room as the hostel staff member.

The campus doctor will be available for medical check-ups or visits during this time period, but they cannot visit the hostel security desk and student representative in person. They must meet with the CMP before arriving at the hostel.

19.197 Room Allocation: Students are assigned to the same room as the hostel staff member.

The campus doctor will be available for medical check-ups or visits during this time period, but they cannot visit the hostel security desk and student representative in person. They must meet with the CMP before arriving at the hostel.

19.198 Room Allocation: Students are assigned to the same room as the hostel staff member.

The campus doctor will be available for medical check-ups or visits during this time period, but they cannot visit the hostel security desk and student representative in person. They must meet with the CMP before arriving at the hostel.

19.199 Room Allocation: Students are assigned to the same room as the hostel staff member.

The campus doctor will be available for medical check-ups or visits during this time period, but they cannot visit the hostel security desk and student representative in person. They must meet with the CMP before arriving at the hostel.

19.200 Room Allocation: Students are assigned to the same room as the hostel staff member.

The campus doctor will be available for medical check-ups or visits during this time period, but they cannot visit the hostel security desk and student representative in person. They must meet with the CMP before arriving at the hostel.

19.201 Room Allocation: Students are assigned to the same room as the hostel staff member.

The campus doctor will be available for medical check-ups or visits during this time period, but they cannot visit the hostel security desk and student representative in person. They must meet with the CMP before arriving at the hostel.

19.202 Room Allocation: Students are assigned to the same room as the hostel staff member.

The campus doctor will be available for medical check-ups or visits during this time period, but they cannot visit the hostel security desk and student representative in person. They must meet with the CMP before arriving at the hostel.

19.203 Room Allocation: Students are assigned to the same room as the hostel staff member.

The campus doctor will be available for medical check-ups or visits during this time period, but they cannot visit the hostel security desk and student representative in person. They must meet with the CMP before arriving at the hostel.

19.204 Room Allocation: Students are assigned to the same room as the hostel staff member.

The campus doctor will be available for medical check-ups or visits during this time period, but they cannot visit the hostel security desk and student representative in person. They must meet with the CMP before arriving at the hostel.

19.205 Room Allocation: Students are assigned to the same room as the hostel staff member.

The campus doctor will be available for medical check-ups or visits during this time period, but they cannot visit the hostel security desk and student representative in person. They must meet with the CMP before arriving at the hostel.

19.206 Room Allocation: Students are assigned to the same room as the hostel staff member.

The campus doctor will be available for medical check-ups or visits during this time period, but they cannot visit the hostel security desk and student representative in person. They must meet with the CMP before arriving at the hostel.

19.207 Room Allocation: Students are assigned to the same room as the hostel staff member.

The campus doctor will be available for medical check-ups or visits during this time period, but they cannot visit the hostel security desk and student representative in person. They must meet with the CMP before arriving at the hostel.

19.208 Room Allocation: Students are assigned to the same room as the hostel staff member.

The campus doctor will be available for medical check-ups or visits during this time period, but they cannot visit the hostel security desk and student representative in person. They must meet with the CMP before arriving at the hostel.

19.209 Room Allocation: Students are assigned to the same room as the hostel staff member.

The campus doctor will be available for medical check-ups or visits during this time period, but they cannot visit the hostel security desk and student representative in person. They must meet with the CMP before arriving at the hostel.

19.210 Room Allocation: Students are assigned to the same room as the hostel staff member.

The campus doctor will be available for medical check-ups or visits during this time period, but they cannot visit the hostel security desk and student representative in person. They must meet with the CMP before arriving at the hostel.

19.211 Room Allocation: Students are assigned to the same room as the hostel staff member.

The campus doctor will be available for medical check-ups or visits during this time period, but they cannot visit the hostel security desk and student representative in person. They must meet with the CMP before arriving at the hostel.

19.212 Room Allocation: Students are assigned to the same room as the hostel staff member.

The campus doctor will be available for medical check-ups or visits during this time period, but they cannot visit the hostel security desk and student representative in person. They must meet with the CMP before arriving at the hostel.

19.213 Room Allocation: Students are assigned to the same room as the hostel staff member.

The campus doctor will be available for medical check-ups or visits during this time period, but they cannot visit the hostel security desk and student representative in person. They must meet with the CMP before arriving at the hostel.

19.214 Room Allocation: Students are assigned to the same room as the hostel staff member.

The campus doctor will be available for medical check-ups or visits during this time period, but they cannot visit the hostel security desk and student representative in person. They must meet with the CMP before arriving at the hostel.

19.215 Room Allocation: Students are assigned to the same room as the hostel staff member.

The campus doctor will be available for medical check-ups or visits during this time period, but they cannot visit the hostel security desk and student representative in person. They must meet with the CMP before arriving at the hostel.

19.216 Room Allocation: Students are assigned to the same room as the hostel staff member.

The campus doctor will be available for medical check-ups or visits during this time period, but they cannot visit the hostel security desk and student representative in person. They must meet with the CMP before arriving at the hostel.

19.217 Room Allocation: Students are assigned to the same room as the hostel staff member.

The campus doctor will be available for medical check-ups or visits during this time period, but they cannot visit the hostel security desk and student representative in person. They must meet with the CMP before arriving at the hostel.

19.218 Room Allocation: Students are assigned to the same room as the hostel staff member.

The campus doctor will be available for medical check-ups or visits during this time period, but they cannot visit the hostel security desk and student representative in person. They must meet with the CMP before arriving at the hostel.

19.219 Room Allocation: Students are assigned to the same room as the hostel staff member.

The campus doctor will be available for medical check-ups or visits during this time period, but they cannot visit the hostel security desk and student representative in person. They must meet with the CMP before arriving at the hostel.

19.220 Room Allocation: Students are assigned to the same room as the hostel staff member.

The campus doctor will be available for medical check-ups or visits during this time period, but they cannot visit the hostel security desk and student representative in person. They must meet with the CMP before arriving at the hostel.

19.221 Room Allocation: Students are assigned to the same room as the hostel staff member.

The campus doctor will be available for medical check-ups or visits during this time period, but they cannot visit the hostel security desk and student representative in person. They must meet with the CMP before arriving at the hostel.

19.222 Room Allocation: Students are assigned to the same room as the hostel staff member.

The campus doctor will be available for medical check-ups or visits during this time period, but they cannot visit the hostel security desk and student representative in person. They must meet with the CMP before arriving at the hostel.

19.223 Room Allocation: Students are assigned to the same room as the hostel staff member.

The campus doctor will be available for medical check-ups or visits during this time period, but they cannot visit the hostel security desk and student representative in person. They must meet with the CMP before arriving at the hostel.

19.224 Room Allocation: Students are assigned to the same room as the hostel staff member.

The campus doctor will be available for medical check-ups or visits during this time period, but they cannot visit the hostel security desk and student representative in person. They must meet with the CMP before arriving at the hostel.

19.225 Room Allocation: Students are assigned to the same room as the hostel staff member.

The campus doctor will be available for medical check-ups or visits during this time period, but they cannot visit the hostel security desk and student representative in person. They must meet with the CMP before arriving at the hostel.

19.226 Room Allocation: Students are assigned to the same room as the hostel staff member.

The campus doctor will be available for medical check-ups or visits during this time period, but they cannot visit the hostel security desk and student representative in person. They must meet with the CMP before arriving at the hostel.

19.227 Room Allocation: Students are assigned to the same room as the hostel staff member.

The campus doctor will be available for medical check-ups or visits during this time period, but they cannot visit the hostel security desk and student representative in person. They must meet with the CMP before arriving at the hostel.

19.228 Room Allocation: Students are assigned to the same room as the hostel staff member.

The campus doctor will be available for medical check-ups or visits during this time period, but they cannot visit the hostel security desk and student representative in person. They must meet with the CMP before arriving at the hostel.

19.229 Room Allocation: Students are assigned to the same room as the hostel staff member.

The campus doctor will be available for medical check-ups or visits during this time period, but they cannot visit the hostel security desk and student representative in person. They must meet with the CMP before arriving at the hostel.

19.230 Room Allocation: Students are assigned to the same room as the hostel staff member.

The campus doctor will be available for medical check-ups or visits during this time period, but they cannot visit the hostel security desk and student representative in person. They must meet with the CMP before arriving at the hostel.

19.231 Room Allocation: Students are assigned to the same room as the hostel staff member.

The campus doctor will be available for medical check-ups or visits during this time period, but they cannot visit the hostel security desk and student representative in person. They must meet with the CMP before arriving at the hostel.

19.232 Room Allocation: Students are assigned to the same room as the hostel staff member.

The campus doctor will be available for medical check-ups or visits during this time period, but they cannot visit the hostel security desk and student representative in person. They must meet with the CMP before arriving at the hostel.

19.233 Room Allocation: Students are assigned to the same room as the hostel staff member.

The campus doctor will be available for medical check-ups or visits during this time period, but they cannot visit the hostel security desk and student representative in person. They must meet with the CMP before arriving at the hostel.

19.234 Room Allocation: Students are assigned to the same room as the hostel staff member.

The campus doctor will be available for medical check-ups or visits during this time period, but they cannot visit the hostel security desk and student representative in person. They must meet with the CMP before arriving at the hostel.

19.235 Room Allocation: Students are assigned to the same room as the hostel staff member.

The campus doctor will be available for medical check-ups or visits during this time period, but they cannot visit the hostel security desk and student representative in person. They must meet with the CMP before arriving at the hostel.

19.236 Room Allocation: Students are assigned to the same room as the hostel staff member.

The campus doctor will be available for medical check-ups or visits during this time period, but they cannot visit the hostel security desk and student representative in person. They must meet with the CMP before arriving at the hostel.

19.237 Room Allocation: Students are assigned to the same room as the hostel staff member.

The campus doctor will be available for medical check-ups or visits during this time period, but they cannot visit the hostel security desk and student representative in person. They must meet with the CMP before arriving at the hostel.

19.238 Room Allocation: Students are assigned to the same room as the hostel staff member.

The campus doctor will be available for medical check-ups or visits during this time period, but they cannot visit the hostel security desk and student representative in person. They must meet with the CMP before arriving at the hostel.

19.239 Room Allocation: Students are assigned to the same room as the hostel staff member.

The campus doctor will be available for medical check-ups or visits during this time period, but they cannot visit the hostel security desk and student representative in person. They must meet with the CMP before arriving at the hostel.

19.240 Room Allocation: Students are assigned to the same room as the hostel staff member.

The campus doctor will be available for medical check-ups or visits during this time period, but they cannot visit the hostel security desk and student representative in person. They must meet with the CMP before arriving at the hostel.

19.241 Room Allocation: Students are assigned to the same room as the hostel staff member.

The campus doctor will be available for medical check-ups or visits during this time period, but they cannot visit the hostel security desk and student representative in person. They must meet with the CMP before arriving at the hostel.

19.242 Room Allocation: Students are assigned to the same room as the hostel staff member.

The campus doctor will be available for medical check-ups or visits during this time period, but they cannot visit the hostel security desk and student representative in person. They must meet with the CMP before arriving at the hostel.

19.243 Room Allocation: Students are assigned to the same room as the hostel staff member.

The campus doctor will be available for medical check-ups or visits during this time period, but they cannot visit the hostel security desk and student representative in person. They must meet with the CMP before arriving at the hostel.

19.244 Room Allocation: Students are assigned to the same room as the hostel staff member.

The campus doctor will be available for medical check-ups or visits during this time period, but they cannot visit the hostel security desk and student representative in person. They must meet with the CMP before arriving at the hostel.

19.245 Room Allocation: Students are assigned to the same room as the hostel staff member.

The campus doctor will be available for medical check-ups or visits during this time period, but they cannot visit the hostel security desk and student representative in person. They must meet with the CMP before arriving at the hostel.

19.246 Room Allocation: Students are assigned to the same room as the hostel staff member.

The campus doctor will be available for medical check-ups or visits during this time period, but they cannot visit the hostel security desk and student representative in person. They must meet with the CMP before arriving at the hostel.

19.247 Room Allocation: Students are assigned to the same room as the hostel staff member.

The campus doctor will be available for medical check-ups or visits during this time period, but they cannot visit the hostel security desk and student representative in person. They must meet with the CMP before arriving at the hostel.

19.248 Room Allocation: Students are assigned to the same room as the hostel staff member.

The campus doctor will be available for medical check-ups or visits during this time period, but they cannot visit the hostel security desk and student representative in person. They must meet with the CMP before arriving at the hostel.

19.249 Room Allocation: Students are assigned to the same room as the hostel staff member.

The campus doctor will be available for medical check-ups or visits during this time period, but they cannot visit the hostel security desk and student representative in person. They must meet with the CMP before arriving at the hostel.

19.250 Room Allocation: Students are assigned to the same room as the hostel staff member.

The campus doctor will be available for medical check-ups or visits during this time period, but they cannot visit the hostel security desk and student representative in person. They must meet with the CMP before arriving at the hostel.

19.251 Room Allocation: Students are assigned to the same room as the hostel staff member.

The campus doctor will be available for medical check-ups or visits during this time period, but they cannot visit the hostel security desk and student representative in person. They must meet with the CMP before arriving at the hostel.

19.252 Room Allocation: Students are assigned to the same room as the hostel staff member.

The campus doctor will be available for medical check-ups or visits during this time period, but they cannot visit the hostel security desk and student representative in person. They must meet with the CMP before arriving at the hostel.

19.253 Room Allocation: Students are assigned to the same room as the hostel staff member.

The campus doctor will be available for medical check-ups or visits during this time period, but they cannot visit the hostel security desk and student representative in person. They must meet with the CMP before arriving at the hostel.

19.254 Room Allocation: Students are assigned to the same room as the hostel staff member.

The campus doctor will be available for medical check-ups or visits during this time period, but they cannot visit the hostel security desk and student representative in person. They must meet with the CMP before arriving at the hostel.

19.255 Room Allocation: Students are assigned to the same room as the hostel staff member.

The campus doctor will be available for medical check-ups or visits during this time period, but they cannot visit the hostel security desk and student representative in person. They must meet with the CMP before arriving at the hostel.

19.256 Room Allocation: Students are assigned to the same room as the hostel staff member.

The campus doctor will be available for medical check-ups or visits during this time period, but they cannot visit the hostel security desk and student representative in person. They must meet with the CMP before arriving at the hostel.

19.257 Room Allocation: Students are assigned to the same room as the hostel staff member.

The campus doctor will be available for medical check-ups or visits during this time period, but they cannot visit the hostel security desk and student representative in person. They must meet with the CMP before arriving at the hostel.

19.258 Room Allocation: Students are assigned to the same room as the hostel staff member.

The campus doctor will be available for medical check-ups or visits during this time period, but they cannot visit the hostel security desk and student representative in person. They must meet with the CMP before arriving at the hostel.

19.259 Room Allocation: Students are assigned to the same room as the hostel staff member.

The campus doctor will be available for medical check-ups or visits during this time period, but they cannot visit the hostel security desk and student representative in person. They must meet with the CMP before arriving at the hostel.

19.260 Room Allocation: Students are assigned to the same room as the hostel staff member.

The campus doctor will be available for medical check-ups or visits during this time period, but they cannot visit the hostel security desk and student representative in person. They must meet with the CMP before arriving at the hostel.

19.261 Room Allocation: Students are assigned to the same room as the hostel staff member.

The campus doctor will be available for medical check-ups or visits during this time period, but they cannot visit the hostel security desk and student representative in person. They must meet with the CMP before arriving at the hostel.

19.262 Room Allocation: Students are assigned to the same room as the hostel staff member.

The campus doctor will be available for medical check-ups or visits during this time period, but they cannot visit the hostel security desk and student representative in person. They must meet with the CMP before arriving at the hostel.

19.263 Room Allocation: Students are assigned to the same room as the hostel staff member.

The campus doctor will be available for medical check-ups or visits during this time period, but they cannot visit the hostel security desk and student representative in person. They must meet with the CMP before arriving at the hostel.

19.264 Room Allocation: Students are assigned to the same room as the hostel staff member.

The campus doctor will be available for medical check-ups or visits during this time period, but they cannot visit the hostel security desk and student representative in person. They must meet with the CMP before arriving at the hostel.

19.265 Room Allocation: Students are assigned to the same room as the hostel staff member.

The campus doctor will be available for medical check-ups or visits during this time period, but they cannot visit the hostel security desk and student representative in person. They must meet with the CMP before arriving at the hostel.

19.266 Room Allocation: Students are assigned to the same room as the hostel staff member.

The campus doctor will be available for medical check-ups or visits during this time period, but they cannot visit the hostel security desk and student representative in person. They must meet with the CMP before arriving at the hostel.

19.267 Room Allocation: Students are assigned to the same room as the hostel staff member.

The campus doctor will be available for medical check-ups or visits during this time period, but they cannot visit the hostel security desk and student representative in person. They must meet with the CMP before arriving at the hostel.

19.268 Room Allocation: Students are assigned to the same room as the hostel staff member.

The campus doctor will be available for medical check-ups or visits during this time period, but they cannot visit the hostel security desk and student representative in person. They must meet with the CMP before arriving at the hostel.

19.269 Room Allocation: Students are assigned to the same room as the hostel staff member.

The campus doctor will be available for medical check-ups or visits during this time period, but they cannot visit the hostel security desk and student representative in person. They must meet with the CMP before arriving at the hostel.

19.270 Room Allocation: Students are assigned to the same room as the hostel staff member.

The campus doctor will be available for medical check-ups or visits during this time period, but they cannot visit the hostel security desk and student representative in person. They must meet with the CMP before arriving at the hostel.

19.271 Room Allocation: Students are assigned to the same room as the hostel staff member.

The campus doctor will be available for medical check-ups or visits during this time period, but they cannot visit the hostel security desk and student representative in person. They must meet with the CMP before arriving at the hostel.

19.272 Room Allocation: Students are assigned to the same room as the hostel staff member.

The campus doctor will be available for medical check-ups or visits during this time period, but they cannot visit the hostel security desk and student representative in person. They must meet with the CMP before arriving at the hostel.

19.273 Room Allocation: Students are assigned to the same room as the hostel staff member.

The campus doctor will be available for medical check-ups or visits during this time period, but they cannot visit the hostel security desk and student representative in person. They must meet with the CMP before arriving at the hostel.

19.274 Room Allocation: Students are assigned to the same room as the hostel staff member.

The campus doctor will be available for medical check-ups or visits during this time period, but they cannot visit the hostel security desk and student representative in person. They must meet with the CMP before arriving at the hostel.

19.275 Room Allocation: Students are assigned to the same room as the hostel staff member.

The campus doctor will be available for medical check-ups or visits during this time period, but they cannot visit the hostel security desk and student representative in person. They must meet with the CMP before arriving at the hostel.

19.276 Room Allocation: Students are assigned to the same room as the hostel staff member.

The campus doctor will be available for medical check-ups or visits during this time period, but they cannot visit the hostel security desk and student representative in person. They must meet with the CMP before arriving at the hostel.

19.277 Room Allocation: Students are assigned to the same room as the hostel staff member.

The campus doctor will be available for medical check-ups or visits during this time period, but they cannot visit the hostel security desk and student representative in person. They must meet with the CMP before arriving at the hostel.

19.278 Room Allocation: Students are assigned to the same room as the hostel staff member.

The campus doctor will be available for medical check-ups or visits during this time period, but they cannot visit the hostel security desk and student representative in person. They must meet with the CMP before arriving at the hostel.

19.279 Room Allocation: Students are assigned to the same room as the hostel staff member.

The campus doctor will be available for medical check-ups or visits during this time period, but they cannot visit the hostel security desk and student representative in person. They must meet with the CMP before arriving at the hostel.

19.280 Room Allocation: Students are assigned to the same room as the hostel staff member.

The campus doctor will be available for medical check-ups or visits during this time period, but they cannot visit the hostel security desk and student representative in person. They must meet with the CMP before arriving at the hostel.

19.281 Room Allocation: Students are assigned to the same room as the hostel staff member.

The campus doctor will be available for medical check-ups or visits during this time period, but they cannot visit the hostel security desk and student representative in person. They must meet with the CMP before arriving at the hostel.

19.282 Room Allocation: Students are assigned to the same room as the hostel staff member.

The campus doctor will be available for medical check-ups or visits during this time period, but they cannot visit the hostel security desk and student representative in person. They must meet with the CMP before arriving at the hostel.

19.283 Room Allocation: Students are assigned to the same room as the hostel staff member.

The campus doctor will be available for medical check-ups or visits during this time period, but they cannot visit the hostel security desk and student representative in person. They must meet with the CMP before arriving at the hostel.

19.284 Room Allocation: Students are assigned to the same room as the hostel staff member.

The campus doctor will be available for medical check-ups or visits during this time period, but they cannot visit the hostel security desk and student representative in person. They must meet with the CMP before arriving at the hostel.

19.285 Room Allocation: Students are assigned to the same room as the hostel staff member.

The campus doctor will be available for medical check-ups or visits during this time period, but they cannot visit the hostel security desk and student representative in person. They must meet with the CMP before arriving at the hostel.

19.286 Room Allocation: Students are assigned to the same room as the hostel staff member.

The campus doctor will be available for medical check-ups or visits during this time period, but they cannot visit the hostel security desk and student representative in person. They must meet with the CMP before arriving at the hostel.

19.287 Room Allocation: Students are assigned to the same room as the hostel staff member.

The campus doctor will be available for medical check-ups or visits during this time period, but they cannot visit the hostel security desk and student representative in person. They must meet with the CMP before arriving at the hostel.

19.288 Room Allocation: Students are assigned to the same room as the hostel staff member.

The campus doctor will be available for medical check-ups or visits during this time period, but they cannot visit the hostel security desk and student representative in person. They must meet with the CMP before arriving at the hostel.

19.289 Room Allocation: Students are assigned to the same room as the hostel staff member.

The campus doctor will be available for medical check-ups or visits during this time period, but they cannot visit the hostel security desk and student representative in person. They must meet with the CMP before arriving at the hostel.

19.290 Room Allocation: Students are assigned to the same room as the hostel staff member.

The campus doctor will be available for medical check-ups or visits during this time period, but they cannot visit the hostel security desk and student representative in person. They must meet with the CMP before arriving at the hostel.

19.291 Room Allocation: Students are assigned to the same room as the hostel staff member.

The campus doctor will be available for medical check-ups or visits during this time period, but they cannot visit the hostel security desk and student representative in person. They must meet with the CMP before arriving at the hostel.

19.292 Room Allocation: Students are assigned to the same room as the hostel staff member.

The campus doctor will be available for medical check-ups or visits during this time period, but they cannot visit the hostel security desk and student representative in person. They must meet with the CMP before arriving at the hostel.

19.293 Room Allocation: Students are assigned to the same room as the hostel staff member.

The campus doctor will be available for medical check-ups or visits during this time period, but they cannot visit the hostel security desk and student representative in person. They must meet with the CMP before arriving at the hostel.

19.294 Room Allocation: Students are assigned to the same room as the hostel staff member.

The campus doctor will be available for medical check-ups or visits during this time period, but they cannot visit the hostel security desk and student representative in person. They must meet with the CMP before arriving at the hostel.

19.295 Room Allocation: Students are assigned to the same room as the hostel staff member.

The campus doctor will be available for medical check-ups or visits during this time period, but they cannot visit the hostel security desk and student representative in person. They must meet with the CMP before arriving at the hostel.

19.296 Room Allocation: Students are assigned to the same room as the hostel staff member.

The campus doctor will be available for medical check-ups or visits during this time period, but they cannot visit the hostel security desk and student representative in person. They must meet with the CMP before arriving at the hostel.

19.297 Room Allocation: Students are assigned to the same room as the hostel staff member.

The campus doctor will be available for medical check-ups or visits during this time period, but they cannot visit the hostel security desk and student representative in person. They must meet with the CMP before arriving at the hostel.

19.298 Room Allocation: Students are assigned to the same room as the hostel staff member.

The campus doctor will be available for medical check-ups or visits during this time period, but they cannot visit the hostel security desk and student representative in person. They must meet with the CMP before arriving at the hostel.

19.299 Room Allocation: Students are assigned to the same room as the hostel staff member.

The campus doctor will be available for medical check-ups or visits during this time period, but they cannot visit the hostel security desk and student representative in person. They must meet with the CMP before arriving at the hostel.

19.300 Room Allocation: Students are assigned to the same room as the hostel staff member.

The campus doctor will be available for medical check-ups or visits during this time period, but they cannot visit the hostel security desk and student representative in person. They must meet with the CMP before arriving at the hostel.

19.301 Room Allocation: Students are assigned to the same room as the hostel staff member.

The campus doctor will be available for medical check-ups or visits during this time period, but they cannot visit the hostel security desk and student representative in person. They must meet with the CMP before arriving at the hostel.

19.302 Room Allocation: Students are assigned to the same room as the hostel staff member.

The campus doctor will be available for medical check-ups or visits during this time period, but they cannot visit the hostel security desk and student representative in person. They must meet with the CMP before arriving at the hostel.

19.303 Room Allocation: Students are assigned to the same room as the hostel staff member.

The campus doctor will be available for medical check-ups or visits during this time period, but they cannot visit the hostel security desk and student representative in person. They must meet with the CMP before arriving at the hostel.

19.304 Room Allocation: Students are assigned to the same room as the hostel staff member.

The campus doctor will be available for medical check-ups or visits during this time period, but they cannot visit the hostel security desk and student representative in person. They must meet with the CMP before arriving at the hostel.

19.305 Room Allocation: Students are assigned to the same room as the hostel staff member.

The campus doctor will be available for medical check-ups or visits during this time period, but they cannot visit the hostel security desk and student representative in person. They must meet with the CMP before arriving at the hostel.

19.306 Room Allocation: Students are assigned to the same room as the hostel staff member.

The campus doctor will be available for medical check-ups or visits during this time period, but they cannot visit the hostel security desk and student representative in person. They must meet with the CMP before arriving at the hostel.

19.307 Room Allocation: Students are assigned to the same room as the hostel staff member.

The campus doctor will be available for medical check-ups or visits during this time period, but they cannot visit the hostel security desk and student representative in person. They must meet with the CMP before arriving at the hostel.

19.308 Room Allocation: Students are assigned to the same room as the hostel staff member.

The campus doctor will be available for medical check-ups or visits during this time period, but they cannot visit the hostel security desk and student representative in person. They must meet with the CMP before arriving at the hostel.

19.309 Room Allocation: Students are assigned to the same room as the hostel staff member.

The campus doctor will be available for medical check-ups or visits during this time period, but they cannot visit the hostel security desk and student representative in person. They must meet with the CMP before arriving at the hostel.

19.310 Room Allocation: Students are assigned to the same room as the hostel staff member.

The campus doctor will be available for medical check-ups or visits during this time period, but they cannot visit the hostel security desk and student representative in person. They must meet with the CMP before arriving at the hostel.

19.311 Room Allocation: Students are assigned to the same room as the hostel staff member.

The campus doctor will be available for medical check-ups or visits during this time period, but they cannot visit the hostel security desk and student representative in person. They must meet with the CMP before arriving at the hostel.

19.312 Room Allocation: Students are assigned to the same room as the hostel staff member.

The campus doctor will be available for medical check-ups or visits during this time period, but they cannot visit the hostel security desk and student representative in person. They must meet with the CMP before arriving at the hostel.

19.313 Room Allocation: Students are assigned to the same room as the hostel staff member.

The campus doctor will be available for medical check-ups or visits during this time period, but they cannot visit the hostel security desk and student representative in person. They must meet with the CMP before arriving at the hostel.

19.314 Room Allocation: Students are assigned to the same room as the hostel staff member.

The campus doctor will be available for medical check-ups or visits during this time period, but they cannot visit the hostel security desk and student representative in person. They must meet with the CMP before arriving at the hostel.

19.315 Room Allocation: Students are assigned to the same room as the hostel staff member.

The campus doctor will be available for medical check-ups or visits during this time period, but they cannot visit the hostel security desk and student representative in person. They must meet with the CMP before arriving at the hostel.

19.316 Room Allocation: Students are assigned to the same room as the hostel staff member.

The campus doctor will be available for medical check-ups or visits during this time period, but they cannot visit the hostel security desk and student representative in person. They must meet with the CMP before arriving at the hostel.

19.317 Room Allocation: Students are assigned to the same room as the hostel staff member.

The campus doctor will be available for medical check-ups or visits during this time period, but they cannot visit the hostel security desk and student representative in person. They must meet with the CMP before arriving at the hostel.

19.318 Room Allocation: Students are assigned to the same room as the hostel staff member.

The campus doctor will be available for medical check-ups or visits during this time period, but they cannot visit the hostel security desk and student representative in person. They must meet with the CMP before arriving at the hostel.

19.319 Room Allocation: Students are assigned to the same room as the hostel staff member.

The campus doctor will be available for medical check-ups or visits during this time period, but they cannot visit the hostel security desk and student representative in person. They must meet with the CMP before arriving at the hostel.

19.320 Room Allocation: Students are assigned to the same room as the hostel staff member.

The campus doctor will be available for medical check-ups or visits during this time period, but they cannot visit the hostel security desk and student representative in person. They must meet with the CMP before arriving at the hostel.

19.321 Room Allocation: Students are assigned to the same room as the hostel staff member.

The campus doctor will be available for medical check-ups or visits during this time period, but they cannot visit the hostel security desk and student representative in person. They must meet with the CMP before arriving at the hostel.

19.322 Room Allocation: Students are assigned to the same room as the hostel staff member.

The campus doctor will be available for medical check-ups or visits during this time period, but they cannot visit the hostel security desk and student representative in person. They must meet with the CMP before arriving at the hostel.

19.323 Room Allocation: Students are assigned to the same room as the hostel staff member.

The campus doctor will be available for medical check-ups or visits during this time period, but they cannot visit the hostel security desk and student representative in person. They must meet with the CMP before arriving at the hostel.

19.324 Room Allocation: Students are assigned to the same room as the hostel staff member.

The campus doctor will be available for medical check-ups or visits during this time period, but they cannot visit the hostel security desk and student representative in person. They must meet with the CMP before arriving at the hostel.

19.325 Room Allocation: Students are assigned to the same room as the hostel staff member.

The campus doctor will be available for medical check-ups or visits during this time period, but they cannot visit the hostel security desk and student representative in person. They must meet with the CMP before arriving at the hostel.

19.326 Room Allocation: Students are assigned to the same room as the hostel staff member.

The campus doctor will be available for medical check-ups or visits during this time period, but they cannot visit the hostel security desk and student representative in person. They must meet with the CMP before arriving at the hostel.

19.327 Room Allocation: Students are assigned to the same room as the hostel staff member.

The campus doctor will be available for medical check-ups or visits during this time period, but they cannot visit the hostel security desk and student representative in person. They must meet with the CMP before arriving at the hostel.

19.328 Room Allocation: Students are assigned to the same room as the hostel staff member.

The campus doctor will be available for medical check-ups or visits during this time period, but they cannot visit the hostel security desk and student representative in person. They must meet with the CMP before arriving at the hostel.

19.329 Room Allocation: Students are assigned to the same room as the hostel staff member.

The campus doctor will be available for medical check-ups or visits during this time period, but they cannot visit the hostel security desk and student representative in person. They must meet with the CMP before arriving at the hostel.

19.330 Room Allocation: Students are assigned to the same room as the hostel staff member.

The campus doctor will be available for medical check-ups or visits during this time period, but they cannot visit the hostel security desk and student representative in person. They must meet with the CMP before arriving at the hostel.

19.331 Room Allocation: Students are assigned to the same room as the hostel staff member.

The campus doctor will be available for medical check-ups or visits during this time period, but they cannot visit the hostel security desk and student representative in person. They must meet with the CMP before arriving at the hostel.

19.332 Room Allocation: Students are assigned to the same room as the hostel staff member.

The campus doctor will be available for medical check-ups or visits during this time period, but they cannot visit the hostel security desk and student representative in person. They must meet with the CMP before arriving at the hostel.

19.333 Room Allocation: Students are assigned to the same room as the hostel staff member.

The campus doctor will be available for medical check-ups or visits during this time period, but they cannot visit the hostel security desk and student representative in person. They must meet with the CMP before arriving at the hostel.

19.334 Room Allocation: Students are assigned to the same room as the hostel staff member.

The campus doctor will be available for medical check-ups or visits during this time period, but they cannot visit the hostel security desk and student representative in person. They must meet with the CMP before arriving at the hostel.

19.335 Room Allocation: Students are assigned to the same room as the hostel staff member.

The campus doctor will be available for medical check-ups or visits during this time period, but they cannot visit the hostel security desk and student representative in person. They must meet with the CMP before arriving at the hostel.

19.336 Room Allocation: Students are assigned to the same room as the hostel staff member.

The campus doctor will be available for medical check-ups or visits during this time period, but they cannot visit the hostel security desk and student representative in person. They must meet with the CMP before arriving at the hostel.

19.337 Room Allocation: Students are assigned to the same room as the hostel staff member.

The campus doctor will be available for medical check-ups or visits during this time period, but they cannot visit the hostel security desk and student representative in person. They must meet with the CMP before arriving at the hostel.

19.338 Room Allocation: Students are assigned to the same room as the hostel staff member.

The campus doctor will be available for medical check-ups or visits during this time period, but they cannot visit the hostel security desk and student representative in person. They must meet with the CMP before arriving at the hostel.

19.339 Room Allocation: Students are assigned to the same room as the hostel staff member.

The campus doctor will be available for medical check-ups or visits during this time period, but they cannot visit the hostel security desk and student representative in person. They must meet with the CMP before arriving at the hostel.

19.340 Room Allocation: Students are assigned to the same room as the hostel staff member.

The campus doctor will be available for medical check-ups or visits during this time period, but they cannot visit the hostel security desk and student representative in person. They must meet with the CMP before arriving at the hostel.

19.341 Room Allocation: Students are assigned to the same room as the hostel staff member.

The campus doctor will be available for medical check-ups or visits during this time period, but they cannot visit the hostel security desk and student representative in person. They must meet with the CMP before arriving at the hostel.

19.342 Room Allocation: Students are assigned to the same room as the hostel staff member.

The campus doctor will be available for medical check-ups or visits during this time period, but they cannot visit the hostel security desk and student representative in person. They must meet with the CMP before arriving at the hostel.

19.343 Room Allocation: Students are assigned to the same room as the hostel staff member.

The campus doctor will be available for medical check-ups or visits during this time period, but they cannot visit the hostel security desk and student representative in person. They must meet with the CMP before arriving at the hostel.

19.344 Room Allocation: Students are assigned to the same room as the hostel staff member.

The campus doctor will be available for medical check-ups or visits during this time period, but they cannot visit the hostel security desk and student representative in person. They must meet with the CMP before arriving at the hostel.

19.345 Room Allocation: Students are assigned to the same room as the hostel staff member.

The campus doctor will be available for medical check-ups or visits during this time period, but they cannot visit the hostel security desk and student representative in person. They must meet with the CMP before arriving at the hostel.

19.346 Room Allocation: Students are assigned to the same room as the hostel staff member.

The campus doctor will be available for medical check-ups or visits during this time period, but they cannot visit the hostel security desk and student representative in person. They must meet with the CMP before arriving at the hostel.

19.347 Room Allocation: Students are assigned to the same room as the hostel staff member.

The campus doctor will be available for medical check-ups or visits during this time period, but they cannot visit the hostel security desk and student representative in person. They must meet with the CMP before arriving at the hostel.

19.348 Room Allocation: Students are assigned to the same room as the hostel staff member.

The campus doctor will be available for medical check-ups or visits during this time period, but they cannot visit the hostel security desk and student representative in person. They must meet with the CMP before arriving at the hostel.

19.349 Room Allocation: Students are assigned to the same room as the hostel staff member.

The campus doctor will be available for medical check-ups or visits during this time period, but they cannot visit the hostel security desk and student representative in person. They must meet with the CMP before arriving at the hostel.

19.350 Room Allocation: Students are assigned to the same room as the hostel staff member.

The campus doctor will be available for medical check-ups or visits during this time period, but they cannot visit the hostel security desk and student representative in person. They must meet with the CMP before arriving at the hostel.

19.351 Room Allocation: Students are assigned to the same room as the hostel staff member.

The campus doctor will be available for medical check-ups or visits during this time period, but they cannot visit the hostel security desk and student representative in person. They must meet with the CMP before arriving at the hostel.

19.352 Room Allocation: Students are assigned to the same room as the hostel staff member.

The campus doctor will be available for medical check-ups or visits during this time period, but they cannot visit the hostel security desk and student representative in person. They must meet with the CMP before arriving at the hostel.

19.353 Room Allocation: Students are assigned to the same room as the hostel staff member.

The campus doctor will be available for medical check-ups or visits during this time period, but they cannot visit the hostel security desk and student representative in person. They must meet with the CMP before arriving at the hostel.

19.354 Room Allocation: Students are assigned to the same room as the hostel staff member.

The campus doctor will be available for medical check-ups or visits during this time period, but they cannot visit the hostel security desk and student representative in person. They must meet with the CMP before arriving at the hostel.

19.355 Room Allocation: Students are assigned to the same room as the hostel staff member.

The campus doctor will be available for medical check-ups or visits during this time period, but they cannot visit the hostel security desk and student representative in person. They must meet with the CMP before arriving at the hostel.

19.356 Room Allocation: Students are assigned to the same room as the hostel staff member.

The campus doctor will be available for medical check-ups or visits during this time period, but they cannot visit the hostel security desk and student representative in person. They must meet with the CMP before arriving at the hostel.

19.357 Room Allocation: Students are assigned to the same room as the hostel staff member.

The campus doctor will be available for medical check-ups or visits during this time period, but they cannot visit the hostel security desk and student representative in person. They must meet with the CMP before arriving at the hostel.

19.358 Room Allocation: Students are assigned to the same room as the hostel staff member.

The campus doctor will be available for medical check-ups or visits during this time period, but they cannot visit the hostel security desk and student representative in person. They must meet with the CMP before arriving at the hostel.

19.359 Room Allocation: Students are assigned to the same room as the hostel staff member.

The campus doctor will be available for medical check-ups or visits during this time period, but they cannot visit the hostel security desk and student representative in person. They must meet with the CMP before arriving at the hostel.

19.360 Room Allocation: Students are assigned to the same room as the hostel staff member.

The campus doctor will be available for medical check-ups or visits during this time period, but they cannot visit the hostel security desk and student representative in person. They must meet with the CMP before arriving at the hostel.

19.361 Room Allocation: Students are assigned to the same room as the hostel staff member.

The campus doctor will be available for medical check-ups or visits during this time period, but they cannot visit the hostel security desk and student representative in person. They must meet with the CMP before arriving at the hostel.

19.362 Room Allocation: Students are assigned to the same room as the hostel staff member.

The campus doctor will be available for medical check-ups or visits during this time period, but they cannot visit the hostel security desk and student representative in person. They must meet with the CMP before arriving at the hostel.

19.363 Room Allocation: Students are assigned to the same room as the hostel staff member.

The campus doctor will be available for medical check-ups or visits during this time period, but they cannot visit the hostel security desk and student representative in person. They must meet with the CMP before arriving at the hostel.

19.364 Room Allocation: Students are assigned to the same room as the hostel staff member.

The campus doctor will be available for medical check-ups or visits during this time period, but they cannot visit the hostel security desk and student representative in person. They must meet with the CMP before arriving at the hostel.

19.365 Room Allocation: Students are assigned to the same room as the hostel staff member.

The campus doctor will be available for medical check-ups or visits during this time period, but they cannot visit the hostel security desk and student representative in person. They must meet with the CMP before arriving at the hostel.

19.366 Room Allocation: Students are assigned to the same room as the hostel staff member.

The campus doctor will be available for medical check-ups or visits during this time period, but they cannot visit the hostel security desk and student representative in person. They must meet with the CMP before arriving at the hostel.

19.367 Room Allocation: Students are assigned to the same room as the hostel staff member.

The campus doctor will be available for medical check-ups or visits during this time period, but they cannot visit the hostel security desk and student representative in person. They must meet with the CMP before arriving at the hostel.

19.368 Room Allocation: Students are assigned to the same room as the hostel staff member.

The campus doctor will be available for medical check-ups or visits during this time period, but they cannot visit the hostel security desk and student representative in person. They must meet with the CMP before arriving at the hostel.

19.369 Room Allocation: Students are assigned to the same room as the hostel staff member.

The campus doctor will be available for medical check-ups or visits during this time period, but they cannot visit the hostel security desk and student representative in person. They must meet with the CMP before arriving at the hostel.

19.370 Room Allocation: Students are assigned to the same room as the hostel staff member.

The campus doctor will be available for medical check-ups or visits during this time period, but they cannot visit the hostel security desk and student representative in person. They must meet with the CMP before arriving at the hostel.

19.371 Room Allocation: Students are assigned to the same room as the hostel staff member.

The campus doctor will be available for medical check-ups or visits during this time period, but they cannot visit the hostel security desk and student representative in person. They must meet with the CMP before arriving at the hostel.

19.372 Room Allocation: Students are assigned to the same room as the hostel staff member.

The campus doctor will be available for medical check-ups or visits during this time period, but they cannot visit the hostel security desk and student representative in person. They must meet with the CMP before arriving at the hostel.

19.373 Room Allocation: Students are assigned to the same room as the hostel staff member.

The campus doctor will be available for medical check-ups or visits during this time period, but they cannot visit the hostel security desk and student representative in person. They must meet with the CMP before arriving at the hostel.

19.374 Room Allocation: Students are assigned to the same room as the hostel staff member.

The campus doctor will be available for medical check-ups or visits during this time period, but they cannot visit the hostel security desk and student representative in person. They must meet with the CMP before arriving at the hostel.

19.375 Room Allocation: Students are assigned to the same room as the hostel staff member.

The campus doctor will be available for medical check-ups or visits during this time period, but they cannot visit the hostel security desk and student representative in person. They must meet with the CMP before arriving at the hostel.

19.376 Room Allocation: Students are assigned to the same room as the hostel staff member.

The campus doctor will be available for medical check-ups or visits during this time period, but they cannot visit the hostel security desk and student representative in person. They must meet with the CMP before arriving at the hostel.

19.377 Room Allocation: Students are assigned to the same room as the hostel staff member.

The campus doctor will be available for medical check-ups or visits during this time period, but they cannot visit the hostel security desk and student representative in person. They must meet with the CMP before arriving at the hostel.

19.378 Room Allocation: Students are assigned to the same room as the hostel staff member.

The campus doctor will be available for medical check-ups or visits during this time period, but they cannot visit the hostel security desk and student representative in person. They must meet with the CMP before arriving at the hostel.

19.379 Room Allocation: Students are assigned to the same room as the hostel staff member.

The campus doctor will be available for medical check-ups or visits during this time period, but they cannot visit the hostel security desk and student representative in person. They must meet with the CMP before arriving at the hostel.

19.380 Room Allocation: Students are assigned to the same room as the hostel staff member.

The campus doctor will be available for medical check-ups or visits during this time period, but they cannot visit the hostel security desk and student representative in person. They must meet with the CMP before arriving at the hostel.

19.381 Room Allocation: Students are assigned to the same room as the hostel staff member.

The campus doctor will be available for medical check-ups or visits during this time period, but they cannot visit the hostel security desk and student representative in person. They must meet with the CMP before arriving at the hostel.

19.382 Room Allocation: Students are assigned to the same room as the hostel staff member.

The campus doctor will be available for medical check-ups or visits during this time period, but they cannot visit the hostel security desk and student representative in person. They must meet with the CMP before arriving at the hostel.

19.383 Room Allocation: Students are assigned to the same room as the hostel staff member.

The campus doctor will be available for medical check-ups or visits during this time period, but they cannot visit the hostel security desk and student representative in person. They must meet with the CMP before arriving at the hostel.

19.384 Room Allocation: Students are assigned to the same room as the hostel staff member.

The campus doctor will be available for medical check-ups or visits during this time period, but they cannot visit the hostel security desk and student representative in person. They must meet with the CMP before arriving at the hostel.

19.385 Room Allocation: Students are assigned to the same room as the hostel staff member.

The campus doctor will be available for medical check-ups or visits during this time period, but they cannot visit the hostel security desk and student representative in person. They must meet with the CMP before arriving at the hostel.

19.386 Room Allocation: Students are assigned to the same room as the hostel staff member.

The campus doctor will be available for medical check-ups or visits during this time period, but they cannot visit the hostel security desk and student representative in person. They must meet with the CMP before arriving at the hostel.

19.387 Room Allocation: Students are assigned to the same room as the hostel staff member.

The campus doctor will be available for medical check-ups or visits during this time period, but they cannot visit the hostel security desk and student representative in person. They must meet with the CMP before arriving at the hostel.

19.388 Room Allocation: Students are assigned to the same room as the hostel staff member.

The campus doctor will be available for medical check-ups or visits during this time period, but they cannot visit the hostel security desk and student representative in person. They must meet with the CMP before arriving at the hostel.

19.389 Room Allocation: Students are assigned to the same room as the hostel staff member.

The campus doctor will be available for medical check-ups or visits during this time period, but they cannot visit the hostel security desk and student representative in person. They must meet with the CMP before arriving at the hostel.

19.390 Room Allocation: Students are assigned to the same room as the hostel staff member.

The campus doctor will be available for medical check-ups or visits during this time period, but they cannot visit the hostel security desk and student representative in person. They must meet with the CMP before arriving at the hostel.

19.391 Room Allocation: Students are assigned to the same room as the hostel staff member.

The campus doctor will be available for medical check-ups or visits during this time period, but they cannot visit the hostel security desk and student representative in person. They must meet with the CMP before arriving at the hostel.

19.392 Room Allocation: Students are assigned to the same room as the hostel staff member.

The campus doctor will be available for medical check-ups or visits during this time period, but they cannot visit the hostel security desk and student representative in person. They must meet with the CMP before arriving at the hostel.

19.393 Room Allocation: Students are assigned to the same room as the hostel staff member.

The campus doctor will be available for medical check-ups or visits during this time period, but they cannot visit the hostel security desk and student representative in person. They must meet with the CMP before arriving at the hostel.

19.394 Room Allocation: Students are assigned to the same room as the hostel staff member.

The campus doctor will be available for medical check-ups or visits during this time period, but they cannot visit the hostel security desk and student representative in person. They must meet with the CMP before arriving at the hostel.

19.395 Room Allocation: Students are assigned to the same room as the hostel staff member.

The campus doctor will be available for medical check-ups or visits during this time period, but they cannot visit the hostel security desk and student representative in person. They must meet with the CMP before arriving at the hostel.

19.396 Room Allocation: Students are assigned to the same room as the hostel staff member.

The campus doctor will be available for medical check-ups or visits during this time period, but they cannot visit the hostel security desk and student representative in person. They must meet with the CMP before arriving at the hostel.

19.397 Room Allocation: Students are assigned to the same room as the hostel staff member.

The campus doctor will be available for medical check-ups or visits during this time period, but they cannot visit the hostel security desk and student representative in person. They must meet with the CMP before arriving at the hostel.

19.398 Room Allocation: Students are assigned to the same room as the hostel staff member.

The campus doctor will be available for medical check-ups or visits during this time period, but they cannot visit the hostel security desk and student representative in person. They must meet with the CMP before arriving at the hostel.

19.399 Room Allocation: Students are assigned to the same room as the hostel staff member.

The campus doctor will be available for medical check-ups or visits during this time period, but they cannot visit the hostel security desk and student representative in person. They must meet with the CMP before arriving at the hostel.

19.400 Room Allocation: Students are assigned to the same room as the hostel staff member.

The campus doctor will be available for medical check-ups or visits during this time period, but they cannot visit the hostel security desk and student representative in person. They must meet with the CMP before arriving at the hostel.

19.401 Room Allocation: Students are assigned to the same room as the hostel staff member.

The campus doctor will be available for medical check-ups or visits during this time period, but they cannot visit the hostel security desk and student representative in person. They must meet with the CMP before arriving at the hostel.

19.402 Room Allocation: Students are assigned to the same room as the hostel staff member.

The campus doctor will be available for medical check-ups or visits during this time period, but they cannot visit the hostel security desk and student representative in person. They must meet with the CMP before arriving at the hostel.

19.403 Room Allocation: Students are assigned to the same room as the hostel staff member.

The campus doctor will be available for medical check-ups or visits during this time period, but they cannot visit the hostel security desk and student representative in person. They must meet with the CMP before arriving at the hostel.

19.404 Room Allocation: Students are assigned to the same room as the hostel staff member.

The campus doctor will be available for medical check-ups or visits during this time period, but they cannot visit the hostel security desk and student representative in person. They must meet with the CMP before arriving at the hostel.

19.405 Room Allocation: Students are assigned to the same room as the hostel staff member.

The campus doctor will be available for medical check-ups or visits during this time period, but they cannot visit the hostel security desk and student representative in person. They must meet with the CMP before arriving at the hostel.

19.406 Room Allocation: Students are assigned to the same room as the hostel staff member.

The campus doctor will be available for medical check-ups or visits during this time period, but they cannot visit the hostel security desk and student representative in person. They must meet with the CMP before arriving at the hostel.

19.407 Room Allocation: Students are assigned to the same room as the hostel staff member.

The campus doctor will be available for medical check-ups or visits during this time period, but they cannot visit the hostel security desk and student representative in person. They must meet with the CMP before arriving at the hostel.

19.408 Room Allocation: Students are assigned to the same room as the hostel staff member.

The campus doctor will be available for medical check-ups or visits during this time period, but they cannot visit the hostel security desk and student representative in person. They must meet with the CMP before arriving at the hostel.

19.409 Room Allocation: Students are assigned to the same room as the hostel staff member.

The campus doctor will be available for medical check-ups or visits during this time period, but they cannot visit the hostel security desk and student representative in person. They must meet with the CMP before arriving at the hostel.

19.410 Room Allocation: Students are assigned to the same room as the hostel staff member.

The campus doctor will be available for medical check-ups or visits during this time period, but they cannot visit the hostel security desk and student representative in person. They must meet with the CMP before arriving at the hostel.

19.411 Room Allocation: Students are assigned to the same room as the hostel staff member.

The campus doctor will be available for medical check-ups or visits during this time period, but they cannot visit the hostel security desk and student representative in person. They must meet with the CMP before arriving at the hostel.

19.412 Room Allocation: Students are assigned to the same room as the hostel staff member.

The campus doctor will be available for medical check-ups or visits during this time period, but they cannot visit the hostel security desk and student representative in person. They must meet with the CMP before arriving at the hostel.

19.413 Room Allocation: Students are assigned to the same room as the hostel staff member.

The campus doctor will be available for medical check-ups or visits during this time period, but they cannot visit the hostel security desk and student representative in person. They must meet with the CMP before arriving at the hostel.

19.414 Room Allocation: Students are assigned to the same room as the hostel staff member.

The campus doctor will be available for medical check-ups or visits during this time period, but they cannot visit the hostel security desk and student representative in person. They must meet with the CMP before arriving at the hostel.

19.415 Room Allocation: Students are assigned to the same room as the hostel staff member.

The campus doctor will be available for medical check-ups or visits during this time period, but they cannot visit the hostel security desk and student representative in person. They must meet with the CMP before arriving at the hostel.

19.416 Room Allocation: Students are assigned to the same room as the hostel staff member.

The campus doctor will be available for medical check-ups or visits during this time period, but they cannot visit the hostel security desk and student representative in person. They must meet with the CMP before arriving at the hostel.

19.417 Room Allocation: Students are assigned to the same room as the hostel staff member.

The campus doctor will be available for medical check-ups or visits during this time period, but they cannot visit the hostel security desk and student representative in person. They must meet with the CMP before arriving at the hostel.

19.418 Room Allocation: Students are assigned to the same room as the hostel staff member.

The campus doctor will be available for medical check-ups or visits during this time period, but they cannot visit the hostel security desk and student representative in person. They must meet with the CMP before arriving at the hostel.

19.419 Room Allocation: Students are assigned to the same room as the hostel staff member.

The campus doctor will be available for medical check-ups or visits during this time period, but they cannot visit the hostel security desk and student representative in person. They must meet with the CMP before arriving at the hostel.

19.420 Room Allocation: Students are assigned to the same room as the hostel staff member.

The campus doctor will be available for medical check-ups or visits during this time period, but they cannot visit the hostel security desk and student representative in person. They must meet with the CMP before arriving at the hostel.

19.421 Room Allocation: Students are assigned to the same room as the hostel staff member.

The campus doctor will be available for medical check-ups or visits during this time period, but they cannot visit the hostel security desk and student representative in person. They must meet with the CMP before arriving at the hostel.

19.422 Room Allocation: Students are assigned to the same room as the hostel staff member.

The campus doctor will be available for medical check-ups or visits during this time period, but they cannot visit the hostel security desk and student representative in person. They must meet with the CMP before arriving at the hostel.

19.423 Room Allocation: Students are assigned to the same room as the hostel staff member.

The campus doctor will be available for medical check-ups or visits during this time period, but they cannot visit the hostel security desk and student representative in person. They must meet with the CMP before arriving at the hostel.

19.424 Room Allocation: Students are assigned to the same room as the hostel staff member.

The campus doctor will be available for medical check-ups or visits during this time period, but they cannot visit the hostel security desk and student representative in person. They must meet with the CMP before arriving at the hostel.

19.425 Room Allocation: Students are assigned to the same room as the hostel staff member.

The campus doctor will be available for medical check-ups or visits during this time period, but they cannot visit the hostel security desk and student representative in person. They must meet with the CMP before arriving at the hostel.

19.426 Room Allocation: Students are assigned to the same room as the hostel staff member.

The campus doctor will be available for medical check-ups or visits during this time period, but they cannot visit the hostel security desk and student representative in person. They must meet with the CMP before arriving at the hostel.

19.427 Room Allocation: Students are assigned to the same room as the hostel staff member.

The campus doctor will be available for medical check-ups or visits during this time period, but they cannot visit the hostel security desk and student representative in person. They must meet with the CMP before arriving at the hostel.

19.428 Room Allocation: Students are assigned to the same room as the hostel staff member.

The campus doctor will be available for medical check-ups or visits during this time period, but they cannot visit the hostel security desk and student representative in person. They must meet with the CMP before arriving at the hostel.

19.429 Room Allocation: Students are assigned to the same room as the hostel staff member.

The campus doctor will be available for medical check-ups or visits during this time period, but they cannot visit the hostel security desk and student representative in person. They must meet with the CMP before arriving at the hostel.

19.430 Room Allocation: Students are assigned to the same room as the hostel staff member.

The campus doctor will be available for medical check-ups or visits during this time period, but they cannot visit the hostel security desk and student representative in person. They must meet with the CMP before arriving at the hostel.

19.431 Room Allocation: Students are assigned to the same room as the hostel staff member.

The campus doctor will be available for medical check-ups or visits during this time period, but they cannot visit the hostel security desk and student representative in person. They must meet with the CMP before arriving at the hostel.

19.432 Room Allocation: Students are assigned to the same room as the hostel staff member.

The campus doctor will be available for medical check-ups or visits during this time period, but they cannot visit the hostel security desk and student representative in person. They must meet with the CMP before arriving at the hostel.

19.433 Room Allocation: Students are assigned to the same room as the hostel staff member.

The campus doctor will be available for medical check-ups or visits during this time period, but they cannot visit the hostel security desk and student representative in person. They must meet with the CMP before arriving at the hostel.

19.434 Room Allocation: Students are assigned to the same room as the hostel staff member.

The campus doctor will be available for medical check-ups or visits during this time period, but they cannot visit the hostel security desk and student representative in person. They must meet with the CMP before arriving at the hostel.

19.435 Room Allocation: Students are assigned to the same room as the hostel staff member.

The campus doctor will be available for medical check-ups or visits during this time period, but they cannot visit the hostel security desk and student representative in person. They must meet with the CMP before arriving at the hostel.

19.436 Room Allocation: Students are assigned to the same room as the hostel staff member.

The campus doctor will be available for medical check-ups or visits during this time period, but they cannot visit the hostel security desk and student representative in person. They must meet with the CMP before arriving at the hostel.

19.437 Room Allocation: Students are assigned to the same room as the hostel staff member.

The campus doctor will be available for medical check-ups or visits during this time period, but they cannot visit the hostel security desk and student representative in person. They must meet with the CMP before arriving at the hostel.

19.438 Room Allocation: Students are assigned to the same room as the hostel staff member.

The campus doctor will be available for medical check-ups or visits during this time period, but they cannot visit the hostel security desk and student representative in person. They must meet with the CMP before arriving at the hostel.

19.439 Room Allocation: Students are assigned to the same room as the hostel staff member.

The campus doctor will be available for medical check-ups or visits during this time period, but they cannot visit the hostel security desk and student representative in person. They must meet with the CMP before arriving at the hostel.

19.440 Room Allocation: Students are assigned to the same room as the hostel staff member.

The campus doctor will be available for medical check-ups or visits during this time period, but they cannot visit the hostel security desk and student representative in person. They must meet with the CMP before arriving at the hostel.

19.441 Room Allocation: Students are assigned to the same room as the hostel staff member.

The campus doctor will be available for medical check-ups or visits during this time period, but they cannot visit the hostel security desk and student representative in person. They must meet with the CMP before arriving at the hostel.

19.442 Room Allocation: Students are assigned to the same room as the hostel staff member.

The campus doctor will be available for medical check-ups or visits during this time period, but they cannot visit the hostel security desk and student representative in person. They must meet with the CMP before arriving at the hostel.

19.443 Room Allocation: Students are assigned to the same room as the hostel staff member.

The campus doctor will be available for medical check-ups or visits during this time period, but they cannot visit the hostel security desk and student representative in person. They must meet with the CMP before arriving at the hostel.

19.444 Room Allocation: Students are assigned to the same room as the hostel staff member.

The campus doctor will be available for medical check-ups or visits during this time period, but they cannot visit the hostel security desk and student representative in person. They must meet with the CMP before arriving at the hostel.

19.445 Room Allocation: Students are assigned to the same room as the hostel staff member.

The campus doctor will be available for medical check-ups or visits during this time period, but they cannot visit the hostel security desk and student representative in person. They must meet with the CMP before arriving at the hostel.

19.446 Room Allocation: Students are assigned to the same room as the hostel staff member.

The campus doctor will be available for medical check-ups or visits during this time period, but they cannot visit the hostel security desk and student representative in person. They must meet with the CMP before arriving at the hostel.

19.447 Room Allocation: Students are assigned to the same room as the hostel staff member.

The campus doctor will be available for medical check-ups or visits during this time period, but they cannot visit the hostel security desk and student representative in person. They must meet with the CMP before arriving at the hostel.

19.448 Room Allocation: Students are assigned to the same room as the hostel staff member.

The campus doctor will be available for medical check-ups or visits during this time period, but they cannot visit the hostel security desk and student representative in person. They must meet with the CMP before arriving at the hostel.

19.449 Room Allocation: Students are assigned to the same room as the hostel staff member.

The campus doctor will be available for medical check-ups or visits during this time period, but they cannot visit the hostel security desk and student representative in person. They must meet with the CMP before arriving at the hostel.

19.450 Room Allocation: Students are assigned to the same room as the hostel staff member.

The campus doctor will be available for medical check-ups or visits during this time period, but they cannot visit the hostel security desk and student representative in person. They must meet with the CMP before arriving at the hostel.

19.451 Room Allocation: Students are assigned to the same room as the hostel staff member.

The campus doctor will be available for medical check-ups or visits during this time period, but they cannot visit the hostel security desk and student representative in person. They must meet with the CMP before arriving at the hostel.

19.452 Room Allocation: Students are assigned to the same room as the hostel staff member.

The campus doctor will be available for medical check-ups or visits during this time period, but they cannot visit the hostel security desk and student representative in person. They must meet with the CMP before arriving at the hostel.

19.453 Room Allocation: Students are assigned to the same room as the hostel staff member.

The campus doctor will be available for medical check-ups or visits during this time period, but they cannot visit the hostel security desk and student representative in person. They must meet with the CMP before arriving at the hostel.

19.454 Room Allocation: Students are assigned to the same room as the hostel staff member.

The campus doctor will be available for medical check-ups or visits during this time period, but they cannot visit the hostel security desk and student representative in person. They must meet with the CMP before arriving at the hostel.

19.455 Room Allocation: Students are assigned to the same room as the hostel staff member.

The campus doctor will be available for medical check-ups or visits during this time period, but they cannot visit the hostel security desk and student representative in person. They must meet with the CMP before arriving at the hostel.

19.456 Room Allocation: Students are assigned to the same room as the hostel staff member.

The campus doctor will be available for medical check-ups or visits during this time period, but they cannot visit the hostel security desk and student representative in person. They must meet with the CMP before arriving at the hostel.

19.457 Room Allocation: Students are assigned to the same room as the hostel staff member.

The campus doctor will be available for medical check-ups or visits during this time period, but they cannot visit the hostel security desk and student representative in person. They must meet with the CMP before arriving at the hostel.

19.458 Room Allocation: Students are assigned to the same room as the hostel staff member.

The campus doctor will be available for medical check-ups or visits during this time period, but they cannot visit the hostel security desk and student representative in person. They must meet with the CMP before arriving at the hostel.

19.459 Room Allocation: Students are assigned to the same room as the hostel staff member.

The campus doctor will be available for medical check-ups or visits during this time period, but they cannot visit the hostel security desk and student representative in person. They must meet with the CMP before arriving at the hostel.

19.460 Room Allocation: Students are assigned to the same room as the hostel staff member.

The campus doctor will be available for medical check-ups or visits during this time period, but they cannot visit the hostel security desk and student representative in person. They must meet with the CMP before arriving at the hostel.

19.461 Room Allocation: Students are assigned to the same room as the hostel staff member.

The campus doctor will be available for medical check-ups or visits during this time period, but they cannot visit the hostel security desk and student representative in person. They must meet with the CMP before arriving at the hostel.

19.462 Room Allocation: Students are assigned to the same room as the hostel staff member.

The campus doctor will be available for medical check-ups or visits during this time period, but they cannot visit the hostel security desk and student representative in person. They must meet with the CMP before arriving at the hostel.

19.463 Room Allocation: Students are assigned to the same room as the hostel staff member.

The campus doctor will be available for medical check-ups or visits during this time period, but they cannot visit the hostel security desk and student representative in person. They must meet with the CMP before arriving at the hostel.

19.464 Room Allocation: Students are assigned to the same room as the hostel staff member.

The campus doctor will be available for medical check-ups or visits during this time period, but they cannot visit the hostel security desk and student representative in person. They must meet with the CMP before arriving at the hostel.

19.465 Room Allocation: Students are assigned to the same room as the hostel staff member.

The campus doctor will be available for medical check-ups or visits during this time period, but they cannot visit the hostel security desk and student representative in person. They must meet with the CMP before arriving at the hostel.

19.466 Room Allocation: Students are assigned to the same room as the hostel staff member.

The campus doctor will be available for medical check-ups or visits during this time period, but they cannot visit the hostel security desk and student representative in person. They must meet with the CMP before arriving at the hostel.

19.467 Room Allocation: Students are assigned to the same room as the hostel staff member.

The campus doctor will be available for medical check-ups or visits during this time period, but they cannot visit the hostel security desk and student representative in person. They must meet with the CMP before arriving at the hostel.

19.468 Room Allocation: Students are assigned to the same room as the hostel staff member.

The campus doctor will be available for medical check-ups or visits during this time period, but they cannot visit the hostel security desk and student representative in person. They must meet with the CMP before arriving at the hostel.

19.469 Room Allocation: Students are assigned to the same room as the hostel staff member.

The campus doctor will be available for medical check-ups or visits during this time period, but they cannot visit the hostel security desk and student representative in person. They must meet with the CMP before arriving at the hostel.

19.470 Room Allocation: Students are assigned to the same room as the hostel staff member.

The campus doctor will be available for medical check-ups or visits during this time period, but they cannot visit the hostel security desk and student representative in person. They must meet with the CMP before arriving at the hostel.

19.471 Room Allocation: Students are assigned to the same room as the hostel staff member.

The campus doctor will be available for medical check-ups or visits during this time period, but they cannot visit the hostel security desk and student representative in person. They must meet with the CMP before arriving at the hostel.

19.472 Room Allocation: Students are assigned to the same room as the hostel staff member.

The campus doctor will be available for medical check-ups or visits during this time period, but they cannot visit the hostel security desk and student representative in person. They must meet with the CMP before arriving at the hostel.

19.473 Room Allocation: Students are assigned to the same room as the hostel staff member.

The campus doctor will be available for medical check-ups or visits during this time period, but they cannot visit the hostel security desk and student representative in person. They must meet with the CMP before arriving at the hostel.

19.474 Room Allocation: Students are assigned to the same room as the hostel staff member.

The campus doctor will be available for medical check-ups or visits during this time period, but they cannot visit the hostel security desk and student representative in person. They must meet with the CMP before arriving at the hostel.

19.475 Room Allocation: Students are assigned to the same room as the hostel staff member.

The campus doctor will be available for medical check-ups or visits during this time period, but they cannot visit the hostel security desk and student representative in person. They must meet with the CMP before arriving at the hostel.

19.476 Room Allocation: Students are assigned to the same room as the hostel staff member.

The campus doctor will be available for medical check-ups or visits during this time period, but they cannot visit the hostel security desk and student representative in person. They must meet with the CMP before arriving at the hostel.

19.477 Room Allocation: Students are assigned to the same room as the hostel staff member.

The campus doctor will be available for medical check-ups or visits during this time period, but they cannot visit the hostel security desk and student representative in person. They must meet with the CMP before arriving at the hostel.

19.478 Room Allocation: Students are assigned to the same room as the hostel staff member.

The campus doctor will be available for medical check-ups or visits during this time period, but they cannot visit the hostel security desk and student representative in person. They must meet with the CMP before arriving at the hostel.

19.479 Room Allocation: Students are assigned to the same room as the hostel staff member.

The campus doctor will be available for medical check-ups or visits during this time period, but they cannot visit the hostel security desk and student representative in person. They must meet with the CMP before arriving at the hostel.

19.480 Room Allocation: Students are assigned to the same room as the hostel staff member.

The campus doctor will be available for medical check-ups or visits during this time period, but they cannot visit the hostel security desk and student representative in person. They must meet with the CMP before arriving at the hostel.

19.481 Room Allocation: Students are assigned to the same room as the hostel staff member.

The campus doctor will be available for medical check-ups or visits during this time period, but they cannot visit the hostel security desk and student representative in person. They must meet with the CMP before arriving at the hostel.

19.482 Room Allocation: Students are assigned to the same room as the hostel staff member.

The campus doctor will be available for medical check-ups or visits during this time period, but they cannot visit the hostel security desk and student representative in person. They must meet with the CMP before arriving at the hostel.

19.483 Room Allocation: Students are assigned to the same room as the hostel staff member.

The campus doctor will be available for medical check-ups or visits during this time period, but they cannot visit the hostel security desk and student representative in person. They must meet with the CMP before arriving at the hostel.

19.484 Room Allocation: Students are assigned to the same room as the hostel staff member.

The campus doctor will be available for medical check-ups or visits during this time period, but they cannot visit the hostel security desk and student representative in person. They must meet with the CMP before arriving at the hostel.

19.485 Room Allocation: Students are assigned to the same room as the hostel staff member.

The campus doctor will be available for medical check-ups or visits during this time period, but they cannot visit the hostel security desk and student representative in person. They must meet with the CMP before arriving at the hostel.

19.486 Room Allocation: Students are assigned to the same room as the hostel staff member.

The campus doctor will be available for medical check-ups or visits during this time period, but they cannot visit the hostel security desk and student representative in person. They must meet with the CMP before arriving at the hostel.

19.487 Room Allocation: Students are assigned to the same room as the hostel staff member.

The campus doctor will be available for medical check-ups or visits during this time period, but they cannot visit the hostel security desk and student representative in person. They must meet with the CMP before arriving at the hostel.

19.488 Room Allocation: Students are assigned to the same room as the hostel staff member.

The campus doctor will be available for medical check-ups or visits during this time period, but they cannot visit the hostel security desk and student representative in person. They must meet with the CMP before arriving at the hostel.

19.489 Room Allocation: Students are assigned to the same room as the hostel staff member.

The campus doctor will be available for medical check-ups or visits during this time period, but they cannot visit the hostel security desk and student representative in person. They must meet with the CMP before arriving at the hostel.

19.490 Room Allocation: Students are assigned to the same room as the hostel staff member.

The campus doctor will be available for medical check-ups or visits during this time period, but they cannot visit the hostel security desk and student representative in person. They must meet with the CMP before arriving at the hostel.

19.491 Room Allocation: Students are assigned to the same room as the hostel staff member.

The campus doctor will be available for medical check-ups or visits during this time period, but they cannot visit the hostel security desk and student representative in person. They must meet with the CMP before arriving at the hostel.

19.492 Room Allocation: Students are assigned to the same room as the hostel staff member.

The campus doctor will be available for medical check-ups or visits during this time period, but they cannot visit the hostel security desk and student representative in person. They must meet with the CMP before arriving at the hostel.

19.493 Room Allocation: Students are assigned to the same room as the hostel staff member.

The campus doctor will be available for medical check-ups or visits during this time period, but they cannot visit the hostel security desk and student representative in person. They must meet with the CMP before arriving at the hostel.

19.494 Room Allocation: Students are assigned to the same room as the hostel staff member.

The campus doctor will be available for medical check-ups or visits during this time period, but they cannot visit the hostel security desk and student representative in person. They must meet with the CMP before arriving at the hostel.

19.495 Room Allocation: Students are assigned to the same room as the hostel staff member.

The campus doctor will be available for medical check-ups or visits during this time period, but they cannot visit the hostel security desk and student representative in person. They must meet with the CMP before arriving at the hostel.

19.496 Room Allocation: Students are assigned to the same room as the hostel staff member.

The campus doctor will be available for medical check-ups or visits during this time period, but they cannot visit the hostel security desk and student representative in person. They must meet with the CMP before arriving at the hostel.

19.497 Room Allocation: Students are assigned to the same room as the hostel staff member.

The campus doctor will be available for medical check-ups or visits during this time period, but they cannot visit the hostel security desk and student representative in person. They must meet with the CMP before arriving at the hostel.

19.498 Room Allocation: Students are assigned to the same room as the hostel staff member.

The campus doctor will be available for medical check-ups or visits during this time period, but they cannot visit the hostel security desk and student representative in person. They must meet with the CMP before arriving at the hostel.

19.499 Room Allocation: Students are assigned to the same room as the hostel staff member.

The campus doctor will be available for medical check-ups or visits during this time period, but they cannot visit the hostel security desk and student representative in person. They must meet with the CMP before arriving at the hostel.

19.500 Room Allocation: Students are assigned to the same room as the hostel staff member.

The campus doctor will be available for medical check-ups or visits during this time period, but they cannot visit the hostel security desk and student representative in person. They must meet with the CMP before arriving at the hostel.

19.501 Room Allocation: Students are assigned to the same room as the hostel staff member.

The campus doctor will be available for medical check-ups or visits during this time period, but they cannot visit the hostel security desk and student representative in person. They must meet with the CMP before arriving at the hostel.

19.502 Room Allocation: Students are assigned to the same room as the hostel staff member.

The campus doctor will be available for medical check-ups or visits during this time period, but they cannot visit the hostel security desk and student representative in person. They must meet with the CMP before arriving at the hostel.

19.503 Room Allocation: Students are assigned to the same room as the hostel staff member.

The campus doctor will be available for medical check-ups or visits during this time period, but they cannot visit the hostel security desk and student representative in person. They must meet with the CMP before arriving at the hostel.

19.504 Room Allocation: Students are assigned to the same room as the hostel staff member.

The campus doctor will be available for medical check-ups or visits during this time period, but they cannot visit the hostel security desk and student representative in person. They must meet with the CMP before arriving at the hostel.

19.505 Room Allocation: Students are assigned to the same room as the hostel staff member.

The campus doctor will be available for medical check-ups or visits during this time period, but they cannot visit the hostel security desk and student representative in person. They must meet with the CMP before arriving at the hostel.

19.506 Room Allocation: Students are assigned to the same room as the hostel staff member.

The campus doctor will be available for medical check-ups or visits during this time period, but they cannot visit the hostel security desk and student representative in person. They must meet with the CMP before arriving at the hostel.

19.507 Room Allocation: Students are assigned to the same room as the hostel staff member.

The campus doctor will be available for medical check-ups or visits during this time period, but they cannot visit the hostel security desk and student representative in person. They must meet with the CMP before arriving at the hostel.

19.508 Room Allocation: Students are assigned to the same room as the hostel staff member.

The campus doctor will be available for medical check-ups or visits during this time period, but they cannot visit the hostel security desk and student representative in person. They must meet with the CMP before arriving at the hostel.

19.509 Room Allocation: Students are assigned to the same room as the hostel staff member.

The campus doctor will be available for medical check-ups or visits during this time period, but they cannot visit the hostel security desk and student representative in person. They must meet with the CMP before arriving at the hostel.

19.510 Room Allocation: Students are assigned to the same room as the hostel staff member.

The campus doctor will be available for medical check-ups or visits during this time period, but they cannot visit the hostel security desk and student representative in person. They must meet with the CMP before arriving at the hostel.

19.511 Room Allocation: Students are assigned to the same room as the hostel staff member.

The campus doctor will be available for medical check-ups or visits during this time period, but they cannot visit the hostel security desk and student representative in person. They must meet with the CMP before arriving at the hostel.

19.512 Room Allocation: Students are assigned to the same room as the hostel staff member.

The campus doctor will be available for medical check-ups or visits during this time period, but they cannot visit the hostel security desk and student representative in person. They must meet with the CMP before arriving at the hostel.

19.513 Room Allocation: Students are assigned to the same room as the hostel staff member.

The campus doctor will be available for medical check-ups or visits during this time period, but they cannot visit the hostel security desk and student representative in person. They must meet with the CMP before arriving at the hostel.

19.514 Room Allocation: Students are assigned to the same room as the hostel staff member.

The campus doctor will be available for medical check-ups or visits during this time period, but they cannot visit the hostel security desk and student representative in person. They must meet with the CMP before arriving at the hostel.

19.515 Room Allocation: Students are assigned to the same room as the hostel staff member.

The campus doctor will be available for medical check-ups or visits during this time period, but they cannot visit the hostel security desk and student representative in person. They must meet with the CMP before arriving at the hostel.

19.516 Room Allocation: Students are assigned to the same room as the hostel staff member.

The campus doctor will be available for medical check-ups or visits during this time period, but they cannot visit the hostel security desk and student representative in person. They must meet with the CMP before arriving at the hostel.

19.517 Room Allocation: Students are assigned to the same room as the hostel staff member.

The campus doctor will be available for medical check-ups or visits during this time period, but they cannot visit the hostel security desk and student representative in person. They must meet with the CMP before arriving at the hostel.

19.518 Room Allocation: Students are assigned to the same room as the hostel staff member.

The campus doctor will be available for medical check-ups or visits during this time period, but they cannot visit the hostel security desk and student representative in person. They must meet with the CMP before arriving at the hostel.

19.519 Room Allocation: Students are assigned to the same room as the hostel staff member.

The campus doctor will be available for medical check-ups or visits during this time period, but they cannot visit the hostel security desk and student representative in person. They must meet with the CMP before arriving at the hostel.

19.520 Room Allocation: Students are assigned to the same room as the hostel staff member.

The campus doctor will be available for medical check-ups or visits during this time period, but they cannot visit the hostel security desk and student representative in person. They must meet with the CMP before arriving at the hostel.

19.521 Room Allocation: Students are assigned to the same room as the hostel staff member.

The campus doctor will be available for medical check-ups or visits during this time period, but they cannot visit the hostel security desk and student representative in person. They must meet with the CMP before arriving at the hostel.

19.522 Room Allocation: Students are assigned to the same room as the hostel staff member.

The campus doctor will be available for medical check-ups or visits during this time period, but they cannot visit the hostel security desk and student representative in person. They must meet with the CMP before arriving at the hostel.

19.523 Room Allocation: Students are assigned to the same room as the hostel staff member.

The campus doctor will be available for medical check-ups or visits during this time period, but they cannot visit the hostel security desk and student representative in person. They must meet with the CMP before arriving at the hostel.

19.524 Room Allocation: Students are assigned to the same room as the hostel staff member.

The campus doctor will be available for medical check-ups or visits during this time period, but they cannot visit the hostel security desk and student representative in person. They must meet with the CMP before arriving at the hostel.

19.525 Room Allocation: Students are assigned to the same room as the hostel staff member.

The campus doctor will be available for medical check-ups or visits during this time period, but they cannot visit the hostel security desk and student representative in person. They must meet with the CMP before arriving at the hostel.

19.526 Room Allocation: Students are assigned to the same room as the hostel staff member.

The campus doctor will be available for medical check-ups or visits during this time period, but they cannot visit the hostel security desk and student representative in person. They must meet with the CMP before arriving at the hostel.

19.527 Room Allocation: Students are assigned to the same room as the hostel staff member.

The campus doctor will be available for medical check-ups or visits during this time period, but they cannot visit the hostel security desk and student representative in person. They must meet with the CMP before arriving at the hostel.

19.528 Room Allocation: Students are assigned to the same room as the hostel staff member.

The campus doctor will be available for medical check-ups or visits during this time period, but they cannot visit the hostel security desk and student representative in person. They must meet with the CMP before arriving at the hostel.

19.529 Room Allocation: Students are assigned to the same room as the hostel staff member.

The campus doctor will be available for medical check-ups or visits during this time period, but they cannot visit the hostel security desk and student representative in person. They must meet with the CMP before arriving at the hostel.

19.530 Room Allocation: Students are assigned to the same room as the hostel staff member.

The campus doctor will be available for medical check-ups or visits during this time period, but they cannot visit the hostel security desk and student representative in person. They must meet with the CMP before arriving at the hostel.

19.531 Room Allocation: Students are assigned to the same room as the hostel staff member.

The campus doctor will be available for medical check-ups or visits during this time period, but they cannot visit the hostel security desk and student representative in person. They must meet with the CMP before arriving at the hostel.

19.532 Room Allocation: Students are assigned to the same room as the hostel staff member.

The campus doctor will be available for medical check-ups or visits during this time period, but they cannot visit the hostel security desk and student representative in person. They must meet with the CMP before arriving at the hostel.

19.533 Room Allocation: Students are assigned to the same room as the hostel staff member.

The campus doctor will be available for medical check-ups or visits during this time period, but they cannot visit the hostel security desk and student representative in person. They must meet with the CMP before arriving at the hostel.

19.534 Room Allocation: Students are assigned to the same room as the hostel staff member.

The campus doctor will be available for medical check-ups or visits during this time period, but they cannot visit the hostel security desk and student representative in person. They must meet with the CMP before arriving at the hostel.

19.535 Room Allocation: Students are assigned to the same room as the hostel staff member.

The campus doctor will be available for medical check-ups or visits during this time period, but they cannot visit the hostel security desk and student representative in person. They must meet with the CMP before arriving at the hostel.

19.536 Room Allocation: Students are assigned to the same room as the hostel staff member.

The campus doctor will be available for medical check-ups or visits during this time period, but they cannot visit the hostel security desk and student representative in person. They must meet with the CMP before arriving at the hostel.

19.537 Room Allocation: Students are assigned to the same room as the hostel staff member.

The campus doctor will be available for medical check-ups or visits during this time period, but they cannot visit the hostel security desk and student representative in person. They must meet with the CMP before arriving at the hostel.

19.538 Room Allocation: Students are assigned to the same room as the hostel staff member.

The campus doctor will be available for medical check-ups or visits during this time period, but they cannot visit the hostel security desk and student representative in person. They must meet with the CMP before arriving at the hostel.

19.539 Room Allocation: Students are assigned to the same room as the hostel staff member.

The campus doctor will be available for medical check-ups or visits during this time period, but they cannot visit the hostel security desk and student representative in person. They must meet with the CMP before arriving at the hostel.

19.540 Room Allocation: Students are assigned to the same room as the hostel staff member.

The campus doctor will be available for medical check-ups or visits during this time period, but they cannot visit the hostel security desk and student representative in person. They must meet with the CMP before arriving at the hostel.

19.541 Room Allocation: Students are assigned to the same room as the hostel staff member.

The campus doctor will be available for medical check-ups or visits during this time period, but they cannot visit the hostel security desk and student representative in person. They must meet with the CMP before arriving at the hostel.

19.542 Room Allocation: Students are assigned to the same room as the hostel staff member.

The campus doctor will be available for medical check-ups or visits during this time period, but they cannot visit the hostel security desk and student representative in person. They must meet with the CMP before arriving at the hostel.

19.543 Room Allocation: Students are assigned to the same room as the hostel staff member.

The campus doctor will be available for medical check-ups or visits during this time period, but they cannot visit the hostel security desk and student representative in person. They must meet with the CMP before arriving at the hostel.

19.544 Room Allocation: Students are assigned to the same room as the hostel staff member.

The campus doctor will be available for medical check-ups or visits during this time period, but they cannot visit the hostel security desk and student representative in person. They must meet with the CMP before arriving at the hostel.

19.545 Room Allocation: Students are assigned to the same room as the hostel staff member.

The campus doctor will be available for medical check-ups or visits during this time period, but they cannot visit the hostel security desk and student representative in person. They must meet with the CMP before arriving at the hostel.

19.546 Room Allocation: Students are assigned to the same room as the hostel staff member.

The campus doctor will be available for medical check-ups or visits during this time period, but they cannot visit the hostel security desk and student representative in person. They must meet with the CMP before arriving at the hostel.

19.547 Room Allocation: Students are assigned to the same room as the hostel staff member.

The campus doctor will be available for medical check-ups or visits during this time period, but they cannot visit the hostel security desk and student representative in person. They must meet with the CMP before arriving at the hostel.

19.548 Room Allocation: Students are assigned to the same room as the hostel staff member.

The campus doctor will be available for medical check-ups or visits during this time period, but they cannot visit the hostel security desk and student representative in person. They must meet with the CMP before arriving at the hostel.

19.549 Room Allocation: Students are assigned to the same room as the hostel staff member.

The campus doctor will be available for medical check-ups or visits during this time period, but they cannot visit the hostel security desk and student representative in person. They must meet with the CMP before arriving at the hostel.

19.550 Room Allocation: Students are assigned to the same room as the hostel staff member.

The campus doctor will be available for medical check-ups or visits during this time period, but they cannot visit the hostel security desk and student representative in person. They must meet with the CMP before arriving at the hostel.

19.551 Room Allocation: Students are assigned to the same room as the hostel staff member.

The campus doctor will be available for medical check-ups or visits during this time period, but they cannot visit the hostel security desk and student representative in person. They must meet with the CMP before arriving at the hostel.

19.552 Room Allocation: Students are assigned to the same room as the hostel staff member.

The campus doctor will be available for medical check-ups or visits during this time period, but they cannot visit the hostel security desk and student representative in person. They must meet with the CMP before arriving at the hostel.

19.553 Room Allocation: Students are assigned to the same room as the hostel staff member.

The campus doctor will be available for medical check-ups or visits during this time period, but they cannot visit the hostel security desk and student representative in person. They must meet with the CMP before arriving at the hostel.

19.554 Room Allocation: Students are assigned to the same room as the hostel staff member.

The campus doctor will be available for medical check-ups or visits during this time period, but they cannot visit the hostel security desk and student representative in person. They must meet with the CMP before arriving at the hostel.

19.555 Room Allocation: Students are assigned to the same room as the hostel staff member.

The campus doctor will be available for medical check-ups or visits during this time period, but they cannot visit the hostel security desk and student representative in person. They must meet with the CMP before arriving at the hostel.

19.556 Room Allocation: Students are assigned to the same room as the hostel staff member.

The campus doctor will be available for medical check-ups or visits during this time period, but they cannot visit the hostel security desk and student representative in person. They must meet with the CMP before arriving at the hostel.

19.557 Room Allocation: Students are assigned to the same room as the hostel staff member.

The campus doctor will be available for medical check-ups or visits during this time period, but they cannot visit the hostel security desk and student representative in person. They must meet with the CMP before arriving at the hostel.

19.558 Room Allocation: Students are assigned to the same room as the hostel staff member.

The campus doctor will be available for medical check-ups or visits during this time period, but they cannot visit the hostel security desk and student representative in person. They must meet with the CMP before arriving at the hostel.

19.559 Room Allocation: Students are assigned to the same room as the hostel staff member.

The campus doctor will be available for medical check-ups or visits during this time period, but they cannot visit the hostel security desk and student representative in person. They must meet with the CMP before arriving at the hostel.

19.560 Room Allocation: Students are assigned to the same room as the hostel staff member.

The campus doctor will be available for medical check-ups or visits during this time period, but they cannot visit the hostel security desk and student representative in person. They must meet with the CMP before arriving at the hostel.

19.561 Room Allocation: Students are assigned to the same room as the hostel staff member.

The campus doctor will be available for medical check-ups or visits during this time period, but they cannot visit the hostel security desk and student representative in person. They must meet with the CMP before arriving at the hostel.

19.562 Room Allocation: Students are assigned to the same room as the hostel staff member.

The campus doctor will be available for medical check-ups or visits during this time period, but they cannot visit the hostel security desk and student representative in person. They must meet with the CMP before arriving at the hostel.

19.563 Room Allocation: Students are assigned to the same room as the hostel staff member.

The campus doctor will be available for medical check-ups or visits during this time period, but they cannot visit the hostel security desk and student representative in person. They must meet with the CMP before arriving at the hostel.

19.564 Room Allocation: Students are assigned to the same room as the hostel staff member.

The campus doctor will be available for medical check-ups or visits during this time period, but they cannot visit the hostel security desk and student representative in person. They must meet with the CMP before arriving at the hostel.

19.565 Room Allocation: Students are assigned to the same room as the hostel staff member.

The campus doctor will be available for medical check-ups or visits during this time period, but they cannot visit the hostel security desk and student representative in person. They must meet with the CMP before arriving at the hostel.

19.566 Room Allocation: Students are assigned to the same room as the hostel staff member.

The campus doctor will be available for medical check-ups or visits during this time period, but they cannot visit the hostel security desk and student representative in person. They must meet with the CMP before arriving at the hostel.

19.567 Room Allocation: Students are assigned to the same room as the hostel staff member.

The campus doctor will be available for medical check-ups or visits during this time period, but they cannot visit the hostel security desk and student representative in person. They must meet with the CMP before arriving at the hostel.

19.568 Room Allocation: Students are assigned to the same room as the hostel staff member.

The campus doctor will be available for medical check-ups or visits during this time period, but they cannot visit the hostel security desk and student representative in person. They must meet with the CMP before arriving at the hostel.

19.569 Room Allocation: Students are assigned to the same room as the hostel staff member.

The campus doctor will be available for medical check-ups or visits during this time period, but they cannot visit the hostel security desk and student representative in person. They must meet with the CMP before arriving at the hostel.

19.570 Room Allocation: Students are assigned to the same room as the hostel staff member.

The campus doctor will be available for medical check-ups or visits during this time period, but they cannot visit the hostel security desk and student representative in person. They must meet with the CMP before arriving at the hostel.

19.571 Room Allocation: Students are assigned to the same room as the hostel staff member.

The campus doctor will be available for medical check-ups or visits during this time period, but they cannot visit the hostel security desk and student representative in person. They must meet with the CMP before arriving at the hostel.

19.572 Room Allocation: Students are assigned to the same room as the hostel staff member.

The campus doctor will be available for medical check-ups or visits during this time period, but they cannot visit the hostel security desk and student representative in person. They must meet with the CMP before arriving at the hostel.

19.573 Room Allocation: Students are assigned to the same room as the hostel staff member.

The campus doctor will be available for medical check-ups or visits during this time period, but they cannot visit the hostel security desk and student representative in person. They must meet with the CMP before arriving at the hostel.

19.574 Room Allocation: Students are assigned to the same room as the hostel staff member.

The campus doctor will be available for medical check-ups or visits during this time period, but they cannot visit the hostel security desk and student representative in person. They must meet with the CMP before arriving at the hostel.

19.575 Room Allocation: Students are assigned to the same room as the hostel staff member.

The campus doctor will be available for medical check-ups or visits during this time period, but they cannot visit the hostel security desk and student representative in person. They must meet with the CMP before arriving at the hostel.

19.576 Room Allocation: Students are assigned to the same room as the hostel staff member.

The campus doctor will be available for medical check-ups or visits during this time period, but they cannot visit the hostel security desk and student representative in person. They must meet with the CMP before arriving at the hostel.

19.577 Room Allocation: Students are assigned to the same room as the hostel staff member.

The campus doctor will be available for medical check-ups or visits during this time period, but they cannot visit the hostel security desk and student representative in person. They must meet with the CMP before arriving at the hostel.

19.578 Room Allocation: Students are assigned to the same room as the hostel staff member.

The campus doctor will be available for medical check-ups or visits during this time period, but they cannot visit the hostel security desk and student representative in person. They must meet with the CMP before arriving at the hostel.

19.579 Room Allocation: Students are assigned to the same room as the hostel staff member.

The campus doctor will be available for medical check-ups or visits during this time period, but they cannot visit the hostel security desk and student representative in person. They must meet with the CMP before arriving at the hostel.

19.580 Room Allocation: Students are assigned to the same room as the hostel staff member.

The campus doctor will be available for medical check-ups or visits during this time period, but they cannot visit the hostel security desk and student representative in person. They must meet with the CMP before arriving at the hostel.

19.581 Room Allocation: Students are assigned to the same room as the hostel staff member.

The campus doctor will be available for medical check-ups or visits during this time period, but they cannot visit the hostel security desk and student representative in person. They must meet with the CMP before arriving at the hostel.

19.582 Room Allocation: Students are assigned to the same room as the hostel staff member.

The campus doctor will be available for medical check-ups or visits during this time period, but they cannot visit the hostel security desk and student representative in person. They must meet with the CMP before arriving at the hostel.

19.583 Room Allocation: Students are assigned to the same room as the hostel staff member.

The campus doctor will be available for medical check-ups or visits during this time period, but they cannot visit the hostel security desk and student representative in person. They must meet with the CMP before arriving at the hostel.

19.584 Room Allocation: Students are assigned to the same room as the hostel staff member.

The campus doctor will be available for medical check-ups or visits during this time period, but they cannot visit the hostel security desk and student representative in person. They must meet with the CMP before arriving at the hostel.

19.585 Room Allocation: Students are assigned to the same room as the hostel staff member.

The campus doctor will be available for medical check-ups or visits during this time period, but they cannot visit the hostel security desk and student representative in person. They must meet with the CMP before arriving at the hostel.

19.586 Room Allocation: Students are assigned to the same room as the hostel staff member.

The campus doctor will be available for medical check-ups or visits during this time period, but they cannot visit the hostel security desk and student representative in person. They must meet with the CMP before arriving at the hostel.

19.587 Room Allocation: Students are assigned to the same room as the hostel staff member.

The campus doctor will be available for medical check-ups or visits during this time period, but they cannot visit the hostel security desk and student representative in person. They must meet with the CMP before arriving at the hostel.

19.588 Room Allocation: Students are assigned to the same room as the hostel staff member.

The campus doctor will be available for medical check-ups or visits during this time period, but they cannot visit the hostel security desk and student representative in person. They must meet with the CMP before arriving at the hostel.

19.589 Room Allocation: Students are assigned to the same room as the hostel staff member.

The campus doctor will be available for medical check-ups or visits during this time period, but they cannot visit the hostel security desk and student representative in person. They must meet with the CMP before arriving at the hostel.

19.590 Room Allocation: Students are assigned to the same room as the hostel staff member.

The campus doctor will be available for medical check-ups or visits during this time period, but they cannot visit the hostel security desk and student representative in person. They must meet with the CMP before arriving at the hostel.

19.591 Room Allocation: Students are assigned to the same room as the hostel staff member.

The campus doctor will be available for medical check-ups or visits during this time period, but they cannot visit the hostel security desk and student representative in person. They must meet with the CMP before arriving at the hostel.

19.592 Room Allocation: Students are assigned to the same room as the hostel staff member.

The campus doctor will be available for medical check-ups or visits during this time period, but they cannot visit the hostel security desk and student representative in person. They must meet with the CMP before arriving at the hostel.

19.593 Room Allocation: Students are assigned to the same room as the hostel staff member.

The campus doctor will be available for medical check-ups or visits during this time period, but they cannot visit the hostel security desk and student representative in person. They must meet with the CMP before arriving at the hostel.

19.594 Room Allocation: Students are assigned to the same room as the hostel staff member.

The campus doctor will be available for medical check-ups or visits during this time period, but they cannot visit the hostel security desk and student representative in person. They must meet with the CMP before arriving at the hostel.

19.595 Room Allocation: Students are assigned to the same room as the hostel staff member.

The campus doctor will be available for medical check-ups or visits during this time period, but they cannot visit the hostel security desk and student representative in person. They must meet with the CMP before arriving at the hostel.

19.596 Room Allocation: Students are assigned to the same room as the hostel staff member.

The campus doctor will be available for medical check-ups or visits during this time period, but they cannot visit the hostel security desk and student representative in person. They must meet with the CMP before arriving at the hostel.

19.597 Room Allocation: Students are assigned to the same room as the hostel staff member.

The campus doctor will be available for medical check-ups or visits during this time period, but they cannot visit the hostel security desk and student representative in person. They must meet with the CMP before arriving at the hostel.

19.598 Room Allocation: Students are assigned to the same room as the hostel staff member.

The campus doctor will be available for medical check-ups or visits during this time period, but they cannot visit the hostel security desk and student representative in person. They must meet with the CMP before arriving at the hostel.

19.599 Room Allocation: Students are assigned to the same room as the hostel staff member.

The campus doctor will be available for medical check-ups or visits during this time period, but they cannot visit the hostel security desk and student representative in person. They must meet with the CMP before arriving at the hostel.

19.600 Room Allocation: Students are assigned to the same room as the hostel staff member.

The campus doctor will be available for medical check-ups or visits during this time period, but they cannot visit the hostel security desk and student representative in person. They must meet with the CMP before arriving at the hostel.

19.601 Room Allocation: Students are assigned to the same room as the hostel staff member.

The campus doctor will be available for medical check-ups or visits during this time period, but they cannot visit the hostel security desk and student representative in person. They must meet with the CMP before arriving at the hostel.

19.602 Room Allocation: Students are assigned to the same room as the hostel staff member.

The campus doctor will be available for medical check-ups or visits during this time period, but they cannot visit the hostel security desk and student representative in person. They must meet with the CMP before arriving at the hostel.

19.603 Room Allocation: Students are assigned to the same room as the hostel staff member.

The campus doctor will be available for medical check-ups or visits during this time period, but they cannot visit the hostel security desk and student representative in person. They must meet with the CMP before arriving at the hostel.

19.604 Room Allocation: Students are assigned to the same room as the hostel staff member.

The campus doctor will be available for medical check-ups or visits during this time period, but they cannot visit the hostel security desk and student representative in person. They must meet with the CMP before arriving at the hostel.

19.605 Room Allocation: Students are assigned to the same room as the hostel staff member.

The campus doctor will be available for medical check-ups or visits during this time period, but they cannot visit the hostel security desk and student representative in person. They must meet with the CMP before arriving at the hostel.

19.606 Room Allocation: Students are assigned to the same room as the hostel staff member.

The campus doctor will be available for medical check-ups or visits during this time period, but they cannot visit the hostel security desk and student representative in person. They must meet with the CMP before arriving at the hostel.

19.607 Room Allocation: Students are assigned to the same room as the hostel staff member.

The campus doctor will be available for medical check-ups or visits during this time period, but they cannot visit the hostel security desk and student representative in person. They must meet with the CMP before arriving at the hostel.

19.608 Room Allocation: Students are assigned to the same room as the hostel staff member.

The campus doctor will be available for medical check-ups or visits during this time period, but they cannot visit the hostel security desk and student representative in person. They must meet with the CMP before arriving at the hostel.

19.609 Room Allocation: Students are assigned to the same room as the hostel staff member.

The campus doctor will be available for medical check-ups or visits during this time period, but they cannot visit the hostel security desk and student representative in person. They must meet with the CMP before arriving at the hostel.

19.610 Room Allocation: Students are assigned to the same room as the hostel staff member.

The campus doctor will be available for medical check-ups or visits during this time period, but they cannot visit the hostel security desk and student representative in person. They must meet with the CMP before arriving at the hostel.

19.611 Room Allocation: Students are assigned to the same room as the hostel staff member.

The campus doctor will be available for medical check-ups or visits during this time period, but they cannot visit the hostel security desk and student representative in person. They must meet with the CMP before arriving at the hostel.

19.612 Room Allocation: Students are assigned to the same room as the hostel staff member.

The campus doctor will be available for medical check-ups or visits during this time period, but they cannot visit the hostel security desk and student representative in person. They must meet with the CMP before arriving at the hostel.

19.613 Room Allocation: Students are assigned to the same room as the hostel staff member.

The campus doctor will be available for medical check-ups or visits during this time period, but they cannot visit the hostel security desk and student representative in person. They must meet with the CMP before arriving at the hostel.

19.614 Room Allocation: Students are assigned to the same room as the hostel staff member.

The campus doctor will be available for medical check-ups or visits during this time period, but they cannot visit the hostel security desk and student representative in person. They must meet with the CMP before arriving at the hostel.

19.615 Room Allocation: Students are assigned to the same room as the hostel staff member.

The campus doctor will be available for medical check-ups or visits during this time period, but they cannot visit the hostel security desk and student representative in person. They must meet with the CMP before arriving at the hostel.

19.616 Room Allocation: Students are assigned to the same room as the hostel staff member.

The campus doctor will be available for medical check-ups or visits during this time period, but they cannot visit the hostel security desk and student representative in person. They must meet with the CMP before arriving at the hostel.

19.617 Room Allocation: Students are assigned to the same room as the hostel staff member.

The campus doctor will be available for medical check-ups or visits during this time period, but they cannot visit the hostel security desk and student representative in person. They must meet with the CMP before arriving at the hostel.

19.618 Room Allocation: Students are assigned to the same room as the hostel staff member.

The campus doctor will be available for medical check-ups or visits during this time period, but they cannot visit the hostel security desk and student representative in person. They must meet with the CMP before arriving at the hostel.

19.619 Room Allocation: Students are assigned to the same room as the hostel staff member.

The campus doctor will be available for medical check-ups or visits during this time period, but they cannot visit the hostel security desk and student representative in person. They must meet with the CMP before arriving at the hostel.

19.620 Room Allocation: Students are assigned to the same room as the hostel staff member.

The campus doctor will be available for medical check-ups or visits during this time period, but they cannot visit the hostel security desk and student representative in person. They must meet with the CMP before arriving at the hostel.

19.621 Room Allocation: Students are assigned to the same room as the hostel staff member.

The campus doctor will be available for medical check-ups or visits during this time period, but they cannot visit the hostel security desk and student representative in person. They must meet with the CMP before arriving at the hostel.

19.622 Room Allocation: Students are assigned to the same room as the hostel staff member.

The campus doctor will be available for medical check-ups or visits during this time period, but they cannot visit the hostel security desk and student representative in person. They must meet with the CMP before arriving at the hostel.

19.623 Room Allocation: Students are assigned to the same room as the hostel staff member.

The campus doctor will be available for medical check-ups or visits during this time period, but they cannot visit the hostel security desk and student representative in person. They must meet with the CMP before arriving at the hostel.

19.624 Room Allocation: Students are assigned to the same room as the hostel staff member.

The campus doctor will be available for medical check-ups or visits during this time period, but they cannot visit the hostel security desk and student representative in person. They must meet with the CMP before arriving at the hostel.

19.625 Room Allocation: Students are assigned to the same room as the hostel staff member.

The campus doctor will be available for medical check-ups or visits during this time period, but they cannot visit the hostel security desk and student representative in person. They must meet with the CMP before arriving at the hostel.

19.626 Room Allocation: Students are assigned to the same room as the hostel staff member.

The campus doctor will be available for medical check-ups or visits during this time period, but they cannot visit the hostel security desk and student representative in person. They must meet with the CMP before arriving at the hostel.

19.627 Room Allocation: Students are assigned to the same room as the hostel staff member.

The campus doctor will be available for medical check-ups or visits during this time period, but they cannot visit the hostel security desk and student representative in person. They must meet with the CMP before arriving at the hostel.

19.628 Room Allocation: Students are assigned to the same room as the hostel staff member.

The campus doctor will be available for medical check-ups or visits during this time period, but they cannot visit the hostel security desk and student representative in person. They must meet with the CMP before arriving at the hostel.

19.629 Room Allocation: Students are assigned to the same room as the hostel staff member.

The campus doctor will be available for medical check-ups or visits during this time period, but they cannot visit the hostel security desk and student representative in person. They must meet with the CMP before arriving at the hostel.

19.630 Room Allocation: Students are assigned to the same room as the hostel staff member.

The campus doctor will be available for medical check-ups or visits during this time period, but they cannot visit the hostel security desk and student representative in person. They must meet with the CMP before arriving at the hostel.

19.631 Room Allocation: Students are assigned to the same room as the hostel staff member.

The campus doctor will be available for medical check-ups or visits during this time period, but they cannot visit the hostel security desk and student representative in person. They must meet with the CMP before arriving at the hostel.

19.632 Room Allocation: Students are assigned to the same room as the hostel staff member.

The campus doctor will be available for medical check-ups or visits during this time period, but they cannot visit the hostel security desk and student representative in person. They must meet with the CMP before arriving at the hostel.

19.633 Room Allocation: Students are assigned to the same room as the hostel staff member.

The campus doctor will be available for medical check-ups or visits during this time period, but they cannot visit the hostel security desk and student representative in person. They must meet with the CMP before arriving at the hostel.

19.634 Room Allocation: Students are assigned to the same room as the hostel staff member.

The campus doctor will be available for medical check-ups or visits during this time period, but they cannot visit the hostel security desk and student representative in person. They must meet with the CMP before arriving at the hostel.

19.635 Room Allocation: Students are assigned to the same room as the hostel staff member.

The campus doctor will be available for medical check-ups or visits during this time period, but they cannot visit the hostel security desk and student representative in person. They must meet with the CMP before arriving at the hostel.

19.636 Room Allocation: Students are assigned to the same room as the hostel staff member.

The campus doctor will be available for medical check-ups or visits during this time period, but they cannot visit the hostel security desk and student representative in person. They must meet with the CMP before arriving at the hostel.

19.637 Room Allocation: Students are assigned to the same room as the hostel staff member.

The campus doctor will be available for medical check-ups or visits during this time period, but they cannot visit the hostel security desk and student representative in person. They must meet with the CMP before arriving at the hostel.

19.638 Room Allocation: Students are assigned to the same room as the hostel staff member.

The campus doctor will be available for medical check-ups or visits during this time period, but they cannot visit the hostel security desk and student representative in person. They must meet with the CMP before arriving at the hostel.

19.639 Room Allocation: Students are assigned to the same room as the hostel staff member.

The campus doctor will be available for medical check-ups or visits during this time period, but they cannot visit the hostel security desk and student representative in person. They must meet with the CMP before arriving at the hostel.

19.640 Room Allocation: Students are assigned to the same room as the hostel staff member.

The campus doctor will be available for medical check-ups or visits during this time period, but they cannot visit the hostel security desk and student representative in person. They must meet with the CMP before arriving at the hostel.

19.641 Room Allocation: Students are assigned to the same room as the hostel staff member.

The campus doctor will be available for medical check-ups or visits during this time period, but they cannot visit the hostel security desk and student representative in person. They must meet with the CMP before arriving at the hostel.

19.642 Room Allocation: Students are assigned to the same room as the hostel staff member.

The campus doctor will be available for medical check-ups or visits during this time period, but they cannot visit the hostel security desk and student representative in person. They must meet with the CMP before arriving at the hostel.

19.643 Room Allocation: Students are assigned to the same room as the hostel staff member.

The campus doctor will be available for medical check-ups or visits during this time period, but they cannot visit the hostel security desk and student representative in person. They must meet with the CMP before arriving at the hostel.

19.644 Room Allocation: Students are assigned to the same room as the hostel staff member.

The campus doctor will be available for medical check-ups or visits during this time period, but they cannot visit the hostel security desk and student representative in person. They must meet with the CMP before arriving at the hostel.

19.645 Room Allocation: Students are assigned to the same room as the hostel staff member.

The campus doctor will be available for medical check-ups or visits during this time period, but they cannot visit the hostel security desk and student representative in person. They must meet with the CMP before arriving at the hostel.

19.646 Room Allocation: Students are assigned to the same room as the hostel staff member.

The campus doctor will be available for medical check-ups or visits during this time period, but they cannot visit the hostel security desk and student representative in person. They must meet with the CMP before arriving at the hostel.

19.647 Room Allocation: Students are assigned to the same room as the hostel staff member.

The campus doctor will be available for medical check-ups or visits during this time period, but they cannot visit the hostel security desk and student representative in person. They must meet with the CMP before arriving at the hostel.

19.648 Room Allocation: Students are assigned to the same room as the hostel staff member.

The campus doctor will be available for medical check-ups or visits during this time period, but they cannot visit the hostel security desk and student representative in person. They must meet with the CMP before arriving at the hostel.

19.649 Room Allocation: Students are assigned to the same room as the hostel staff member.

The campus doctor will be available for medical check-ups or visits during this time period, but they cannot visit the hostel security desk and student representative in person. They must meet with the CMP before arriving at the hostel.

19.650 Room Allocation: Students are assigned to the same room as the hostel staff member.

The campus doctor will be available for medical check-ups or visits during this time period, but they cannot visit the hostel security desk and student representative in person. They must meet with the CMP before arriving at the hostel.

19.651 Room Allocation: Students are assigned to the same room as the hostel staff member.

The campus doctor will be available for medical check-ups or visits during this time period, but they cannot visit the hostel security desk and student representative in person. They must meet with the CMP before arriving at the hostel.

19.652 Room Allocation: Students are assigned to the same room as the hostel staff member.

The campus doctor will be available for medical check-ups or visits during this time period, but they cannot visit the hostel security desk and student representative in person. They must meet with the CMP before arriving at the hostel.

19.653 Room Allocation: Students are assigned to the same room as the hostel staff member.

The campus doctor will be available for medical check-ups or visits during this time period, but they cannot visit the hostel security desk and student representative in person. They must meet with the CMP before arriving at the hostel.

19.654 Room Allocation: Students are assigned to the same room as the hostel staff member.

The campus doctor will be available for medical check-ups or visits during this time period, but they cannot visit the hostel security desk and student representative in person. They must meet with the CMP before arriving at the hostel.

19.655 Room Allocation: Students are assigned to the same room as the hostel staff member.

The campus doctor will be available for medical check-ups or visits during this time period, but they cannot visit the hostel security desk and student representative in person. They must meet with the CMP before arriving at the hostel.

19.656 Room Allocation: Students are assigned to the same room as the hostel staff member.

The campus doctor will be available for medical check-ups or visits during this time period, but they cannot visit the hostel security desk and student representative in person. They must meet with the CMP before arriving at the hostel.

19.657 Room Allocation: Students are assigned to the same room as the hostel staff member.

The campus doctor will be available for medical check-ups or visits during this time period, but they cannot visit the hostel security desk and student representative in person. They must meet with the CMP before arriving at the hostel.

19.658 Room Allocation: Students are assigned to the same room as the hostel staff member.

The campus doctor will be available for medical check-ups or visits during this time period, but they cannot visit the hostel security desk and student representative in person. They must meet with the CMP before arriving at the hostel.

19.659 Room Allocation: Students are assigned to the same room as the hostel staff member.

The campus doctor will be available for medical check-ups or visits during this time period, but they cannot visit the hostel security desk and student representative in person. They must meet with the CMP before arriving at the hostel.

19.660 Room Allocation: Students are assigned to the same room as the hostel staff member.

The campus doctor will be available for medical check-ups or visits during this time period, but they cannot visit the hostel security desk and student representative in person. They must meet with the CMP before arriving at the hostel.

19.661 Room Allocation: Students are assigned to the same room as the hostel staff member.

The campus doctor will be available for medical check-ups or visits during this time period, but they cannot visit the hostel security desk and student representative in person. They must meet with the CMP before arriving at the hostel.

19.662 Room Allocation: Students are assigned to the same room as the hostel staff member.

The campus doctor will be available for medical check-ups or visits during this time period, but they cannot visit the hostel security desk and student representative in person. They must meet with the CMP before arriving at the hostel.

19.663 Room Allocation: Students are assigned to the same room as the hostel staff member.

The campus doctor will be available for medical check-ups or visits during this time period, but they cannot visit the hostel security desk and student representative in person. They must meet with the CMP before arriving at the hostel.

19.664 Room Allocation: Students are assigned to the same room as the hostel staff member.

The campus doctor will be available for medical check-ups or visits during this time period, but they cannot visit the hostel security desk and student representative in person. They must meet with the CMP before arriving at the hostel.

19.665 Room Allocation: Students are assigned to the same room as the hostel staff member.

The campus doctor will be available for medical check-ups or visits during this time period, but they cannot visit the hostel security desk and student representative in person. They must meet with the CMP before arriving at the hostel.

19.666 Room Allocation: Students are assigned to the same room as the hostel staff member.

The campus doctor will be available for medical check-ups or visits during this time period, but they cannot visit the hostel security desk and student representative in person. They must meet with the CMP before arriving at the hostel.

19.667 Room Allocation: Students are assigned to the same room as the hostel staff member.

The campus doctor will be available for medical check-ups or visits during this time period, but they cannot visit the hostel security desk and student representative in person. They must meet with the CMP before arriving at the hostel.

19.668 Room Allocation: Students are assigned to the same room as the hostel staff member.

The campus doctor will be available for medical check-ups or visits during this time period, but they cannot visit the hostel security desk and student representative in person. They must meet with the CMP before arriving at the hostel.

19.669 Room Allocation: Students are assigned to the same room as the hostel staff member.

The campus doctor will be available for medical check-ups or visits during this time period, but they cannot visit the hostel security desk and student representative in person. They must meet with the CMP before arriving at the hostel.

19.670 Room Allocation: Students are assigned to the same room as the hostel staff member.

The campus doctor will be available for medical check-ups or visits during this time period, but they cannot visit the hostel security desk and student representative in person. They must meet with the CMP before arriving at the hostel.

19.671 Room Allocation: Students are assigned to the same room as the hostel staff member.

The campus doctor will be available for medical check-ups or visits during this time period, but they cannot visit the hostel security desk and student representative in person. They must meet with the CMP before arriving at the hostel.

19.672 Room Allocation: Students are assigned to the same room as the hostel staff member.

The campus doctor will be available for medical check-ups or visits during this time period, but they cannot visit the hostel security desk and student representative in person. They must meet with the CMP before arriving at the hostel.

19.673 Room Allocation: Students are assigned to the same room as the hostel staff member.

The campus doctor will be available for medical check-ups or visits during this time period, but they cannot visit the hostel security desk and student representative in person. They must meet with the CMP before arriving at the hostel.

19.674 Room Allocation: Students are assigned to the same room as the hostel staff member.

The campus doctor will be available for medical check-ups or visits during this time period, but they cannot visit the hostel security desk and student representative in person. They must meet with the CMP before arriving at the hostel.

19.675 Room Allocation: Students are assigned to the same room as the hostel staff member.

The campus doctor will be available for medical check-ups or visits during this time period, but they cannot visit the hostel security desk and student representative in person. They must meet with the CMP before arriving at the hostel.

19.676 Room Allocation: Students are assigned to the same room as the hostel staff member.

The campus doctor will be available for medical check-ups or visits during this time period, but they cannot visit the hostel security desk and student representative in person. They must meet with the CMP before arriving at the hostel.

19.677 Room Allocation: Students are assigned to the same room as the hostel staff member.

The campus doctor will be available for medical check-ups or visits during this time period, but they cannot visit the hostel security desk and student representative in person. They must meet with the CMP before arriving at the hostel.

19.678 Room Allocation: Students are assigned to the same room as the hostel staff member.

The campus doctor will be available for medical check-ups or visits during this time period, but they cannot visit the hostel security desk and student representative in person. They must meet with the CMP before arriving at the hostel.

19.679 Room Allocation: Students are assigned to the same room as the hostel staff member.

The campus doctor will be available for medical check-ups or visits during this time period, but they cannot visit the hostel security desk and student representative in person. They must meet with the CMP before arriving at the hostel.

19.680 Room Allocation: Students are assigned to the same room as the hostel staff member.

The campus doctor will be available for medical check-ups or visits during this time period, but they cannot visit the hostel security desk and student representative in person. They must meet with the CMP before arriving at the hostel.

19.681 Room Allocation: Students are assigned to the same room as the hostel staff member.

The campus doctor will be available for medical check-ups or visits during this time period, but they cannot visit the hostel security desk and student representative in person. They must meet with the CMP before arriving at the hostel.

19.682 Room Allocation: Students are assigned to the same room as the hostel staff member.

The campus doctor will be available for medical check-ups or visits during this time period, but they cannot visit the hostel security desk and student representative in person. They must meet with the CMP before arriving at the hostel.

19.683 Room Allocation: Students are assigned to the same room as the hostel staff member.

The campus doctor will be available for medical check-ups or visits during this time period, but they cannot visit the hostel security desk and student representative in person. They must meet with the CMP before arriving at the hostel.

19.684 Room Allocation: Students are assigned to the same room as the hostel staff member.

The campus doctor will be available for medical check-ups or visits during this time period, but they cannot visit the hostel security desk and student representative in person. They must meet with the CMP before arriving at the hostel.

19.685 Room Allocation: Students are assigned to the same room as the hostel staff member.

The campus doctor will be available for medical check-ups or visits during this time period, but they cannot visit the hostel security desk and student representative in person. They must meet with the CMP before arriving at the hostel.

19.686 Room Allocation: Students are assigned to the same room as the hostel staff member.

The campus doctor will be available for medical check-ups or visits during this time period, but they cannot visit the hostel security desk and student representative in person. They must meet with the CMP before arriving at the hostel.

19.687 Room Allocation: Students are assigned to the same room as the hostel staff member.

The campus doctor will be available for medical check-ups or visits during this time period, but they cannot visit the hostel security desk and student representative in person. They must meet with the CMP before arriving at the hostel.

19.688 Room Allocation: Students are assigned to the same room as the hostel staff member.

The campus doctor will be available for medical check-ups or visits during this time period, but they cannot visit the hostel security desk and student representative in person. They must meet with the CMP before arriving at the hostel.

19.689 Room Allocation: Students are assigned to the same room as the hostel staff member.

The campus doctor will be available for medical check-ups or visits during this time period, but they cannot visit the hostel security desk and student representative in person. They must meet with the CMP before arriving at the hostel.

19.690 Room Allocation: Students are assigned to the same room as the hostel staff member.

The campus doctor will be available for medical check-ups or visits during this time period, but they cannot visit the hostel security desk and student representative in person. They must meet with the CMP before arriving at the hostel.

19.691 Room Allocation: Students are assigned to the same room as the hostel staff member.

The campus doctor will be available for medical check-ups or visits during this time period, but they cannot visit the hostel security desk and student representative in person. They must meet with the CMP before arriving at the hostel.

19.692 Room Allocation: Students are assigned to the same room as the hostel staff member.

The campus doctor will be available for medical check-ups or visits during this time period, but they cannot visit the hostel security desk and student representative in person. They must meet with the CMP before arriving at the hostel.

19.693 Room Allocation: Students are assigned to the same room as the hostel staff member.

The campus doctor will be available for medical check-ups or visits during this time period, but they cannot visit the hostel security desk and student representative in person. They must meet with the CMP before arriving at the hostel.

19.694 Room Allocation: Students are assigned to the same room as the hostel staff member.

The campus doctor will be available for medical check-ups or visits during this time period, but they cannot visit the hostel security desk and student representative in person. They must meet with the CMP before arriving at the hostel.

19.695 Room Allocation: Students are assigned to the same room as the hostel staff member.

The campus doctor will be available for medical check-ups or visits during this time period, but they cannot visit the hostel security desk and student representative in person. They must meet with the CMP before arriving at the hostel.

19.696 Room Allocation: Students are assigned to the same room as the hostel staff member.

The campus doctor will be available for medical check-ups or visits during this time period, but they cannot visit the hostel security desk and student representative in person. They must meet with the CMP before arriving at the hostel.

19.697 Room Allocation: Students are assigned to the same room as the hostel staff member.

The campus doctor will be available for medical check-ups or visits during this time period, but they cannot visit the hostel security desk and student representative in person. They must meet with the CMP before arriving at the hostel.

19.698 Room Allocation: Students are assigned to the same room as the hostel staff member.

The campus doctor will be available for medical check-ups or visits during this time period, but they cannot visit the hostel security desk and student representative in person. They must meet with the CMP before arriving at the hostel.

19.699 Room Allocation: Students are assigned to the same room as the hostel staff member.

The campus doctor will be available for medical check-ups or visits during this time period, but they cannot visit the hostel security desk and student representative in person. They must meet with the CMP before arriving at the hostel.

19.700 Room Allocation: Students are assigned to the same room as the hostel staff member.

The campus doctor will be available for medical check-ups or visits during this time period, but they cannot visit the hostel security desk and student representative in person. They must meet with the CMP before arriving at the hostel.

19.701 Room Allocation: Students are assigned to the same room as the hostel staff member.

The campus doctor will be available for medical check-ups or visits during this time period, but they cannot visit the hostel security desk and student representative in person. They must meet with the CMP before arriving at the hostel.

19.702 Room Allocation: Students are assigned to the same room as the hostel staff member.

The campus doctor will be available for medical check-ups or visits during this time period, but they cannot visit the hostel security desk and student representative in person. They must meet with the CMP before arriving at the hostel.

19.703 Room Allocation: Students are assigned to the same room as the hostel staff member.

The campus doctor will be available for medical check-ups or visits during this time period, but they cannot visit the hostel security desk and student representative in person. They must meet with the CMP before arriving at the hostel.

19.704 Room Allocation: Students are assigned to the same room as the hostel staff member.

The campus doctor will be available for medical check-ups or visits during this time period, but they cannot visit the hostel security desk and student representative in person. They must meet with the CMP before arriving at the hostel.

19.705 Room Allocation: Students are assigned to the same room as the hostel staff member.

The campus doctor will be available for medical check-ups or visits during this time period, but they cannot visit the hostel security desk and student representative in person. They must meet with the CMP before arriving at the hostel.

19.706 Room Allocation: Students are assigned to the same room as the hostel staff member.

The campus doctor will be available for medical check-ups or visits during this time period, but they cannot visit the hostel security desk and student representative in person. They must meet with the CMP before arriving at the hostel.

19.707 Room Allocation: Students are assigned to the same room as the hostel staff member.

The campus doctor will be available for medical check-ups or visits during this time period, but they cannot visit the hostel security desk and student representative in person. They must meet with the CMP before arriving at the hostel.

19.708 Room Allocation: Students are assigned to the same room as the hostel staff member.

The campus doctor will be available for medical check-ups or visits during this time period, but they cannot visit the hostel security desk and student representative in person. They must meet with the CMP before arriving at the hostel.

19.709 Room Allocation: Students are assigned to the same room as the hostel staff member.

The campus doctor will be available for medical check-ups or visits during this time period, but they cannot visit the hostel security desk and student representative in person. They must meet with the CMP before arriving at the hostel.

19.710 Room Allocation: Students are assigned to the same room as the hostel staff member.

The campus doctor will be available for medical check-ups or visits during this time period, but they cannot visit the hostel security desk and student representative in person. They must meet with the CMP before arriving at the hostel.

19.711 Room Allocation: Students are assigned to the same room as the hostel staff member.

The campus doctor will be available for medical check-ups or visits during this time period, but they cannot visit the hostel security desk and student representative in person. They must meet with the CMP before arriving at the hostel.

19.712 Room Allocation: Students are assigned to the same room as the hostel staff member.

The campus doctor will be available for medical check-ups or visits during this time period, but they cannot visit the hostel security desk and student representative in person. They must meet with the CMP before arriving at the hostel.

19.713 Room Allocation: Students are assigned to the same room as the hostel staff member.

The campus doctor will be available for medical check-ups or visits during this time period, but they cannot visit the hostel security desk and student representative in person. They must meet with the CMP before arriving at the hostel.

19.714 Room Allocation: Students are assigned to the same room as the hostel staff member.

The campus doctor will be available for medical check-ups or visits during this time period, but they cannot visit the hostel security desk and student representative in person. They must meet with the CMP before arriving at the hostel.

19.715 Room Allocation: Students are assigned to the same room as the hostel staff member.

The campus doctor will be available for medical check-ups or visits during this time period, but they cannot visit the hostel security desk and student representative in person. They must meet with the CMP before arriving at the hostel.

19.716 Room Allocation: Students are assigned to the same room as the hostel staff member.

The campus doctor will be available for medical check-ups or visits during this time period, but they cannot visit the hostel security desk and student representative in person. They must meet with the CMP before arriving at the hostel.

19.717 Room Allocation: Students are assigned to the same room as the hostel staff member.

The campus doctor will be available for medical check-ups or visits during this time period, but they cannot visit the hostel security desk and student representative in person. They must meet with the CMP before arriving at the hostel.

19.718 Room Allocation: Students are assigned to the same room as the hostel staff member.

The campus doctor will be available for medical check-ups or visits during this time period, but they cannot visit the hostel security desk and student representative in person. They must meet with the CMP before arriving at the hostel.

19.719 Room Allocation: Students are assigned to the same room as the hostel staff member.

The campus doctor will be available for medical check-ups or visits during this time period, but they cannot visit the hostel security desk and student representative in person. They must meet with the CMP before arriving at the hostel.

19.720 Room Allocation: Students are assigned to the same room as the hostel staff member.

The campus doctor will be available for medical check-ups or visits during this time period, but they cannot visit the hostel security desk and student representative in person. They must meet with the CMP before arriving at the hostel.

19.721 Room Allocation: Students are assigned to the same room as the hostel staff member.

The campus doctor will be available for medical check-ups or visits during this time period, but they cannot visit the hostel security desk and student representative in person. They must meet with the CMP before arriving at the hostel.

19.722 Room Allocation: Students are assigned to the same room as the hostel staff member.

The campus doctor will be available for medical check-ups or visits during this time period, but they cannot visit the hostel security desk and student representative in person. They must meet with the CMP before arriving at the hostel.

19.723 Room Allocation: Students are assigned to the same room as the hostel staff member.

The campus doctor will be available for medical check-ups or visits during this time period, but they cannot visit the hostel security desk and student representative in person. They must meet with the CMP before arriving at the hostel.

19.724 Room Allocation: Students are assigned to the same room as the hostel staff member.

The campus doctor will be available for medical check-ups or visits during this time period, but they cannot visit the hostel security desk and student representative in person. They must meet with the CMP before arriving at the hostel.

19.725 Room Allocation: Students are assigned to the same room as the hostel staff member.

The campus doctor will be available for medical check-ups or visits during this time period, but they cannot visit the hostel security desk and student representative in person. They must meet with the CMP before arriving at the hostel.

19.726 Room Allocation: Students are assigned to the same room as the hostel staff member.

The campus doctor will be available for medical check-ups or visits during this time period, but they cannot visit the hostel security desk and student representative in person. They must meet with the CMP before arriving at the hostel.

19.727 Room Allocation: Students are assigned to the same room as the hostel staff member.

The campus doctor will be available for medical check-ups or visits during this time period, but they cannot visit the hostel security desk and student representative in person. They must meet with the CMP before arriving at the hostel.

19.728 Room Allocation: Students are assigned to the same room as the hostel staff member.

The campus doctor will be available for medical check-ups or visits during this time period, but they cannot visit the hostel security desk and student representative in person. They must meet with the CMP before arriving at the hostel.

19.729 Room Allocation: Students are assigned to the same room as the hostel staff member.

The campus doctor will be available for medical check-ups or visits during this time period, but they cannot visit the hostel security desk and student representative in person. They must meet with the CMP before arriving at the hostel.

19.730 Room Allocation: Students are assigned to the same room as the hostel staff member.

The campus doctor will be available for medical check-ups or visits during this time period, but they cannot visit the hostel security desk and student representative in person. They must meet with the CMP before arriving at the hostel.

19.731 Room Allocation: Students are assigned to the same room as the hostel staff member.

The campus doctor will be available for medical check-ups or visits during this time period, but they cannot visit the hostel security desk and student representative in person. They must meet with the CMP before arriving at the hostel.

19.732 Room Allocation: Students are assigned to the same room as the hostel staff member.

The campus doctor will be available for medical check-ups or visits during this time period, but they cannot visit the hostel security desk and student representative in person. They must meet with the CMP before arriving at the hostel.

19.733 Room Allocation: Students are assigned to the same room as the hostel staff member.

The campus doctor will be available for medical check-ups or visits during this time period, but they cannot visit the hostel security desk and student representative in person. They must meet with the CMP before arriving at the hostel.

19.734 Room Allocation: Students are assigned to the same room as the hostel staff member.

The campus doctor will be available for medical check-ups or visits during this time period, but they cannot visit the hostel security desk and student representative in person. They must meet with the CMP before arriving at the hostel.

19.735 Room Allocation: Students are assigned to the same room as the hostel staff member.

The campus doctor will be available for medical check-ups or visits during this time period, but they cannot visit the hostel security desk and student representative in person. They must meet with the CMP before arriving at the hostel.

19.736 Room Allocation: Students are assigned to the same room as the hostel staff member.

The campus doctor will be available for medical check-ups or visits during this time period, but they cannot visit the hostel security desk and student representative in person. They must meet with the CMP before arriving at the hostel.

19.737 Room Allocation: Students are assigned to the same room as the hostel staff member.

The campus doctor will be available for medical check-ups or visits during this time period, but they cannot visit the hostel security desk and student representative in person. They must meet with the CMP before arriving at the hostel.

19.738 Room Allocation: Students are assigned to the same room as the hostel staff member.

The campus doctor will be available for medical check-ups or visits during this time period, but they cannot visit the hostel security desk and student representative in person. They must meet with the CMP before arriving at the hostel.

19.739 Room Allocation: Students are assigned to the same room as the hostel staff member.

The campus doctor will be available for medical check-ups or visits during this time period, but they cannot visit the hostel security desk and student representative in person. They must meet with the CMP before arriving at the hostel.

19.740 Room Allocation: Students are assigned to the same room as the hostel staff member.

The campus doctor will be available for medical check-ups or visits during this time period, but they cannot visit the hostel security desk and student representative in person. They must meet with the CMP before arriving at the hostel.

19.741 Room Allocation: Students are assigned to the same room as the hostel staff member.

The campus doctor will be available for medical check-ups or visits during this time period, but they cannot visit the hostel security desk and student representative in person. They must meet with the CMP before arriving at the hostel.

19.742 Room Allocation: Students are assigned to the same room as the hostel staff member.

The campus doctor will be available for medical check-ups or visits during this time period, but they cannot visit the hostel security desk and student representative in person. They must meet with the CMP before arriving at the hostel.

19.743 Room Allocation: Students are assigned to the same room as the hostel staff member.

The campus doctor will be available for medical check-ups or visits during this time period, but they cannot visit the hostel security desk and student representative in person. They must meet with the CMP before arriving at the hostel.

19.744 Room Allocation: Students are assigned to the same room as the hostel staff member.

The campus doctor will be available for medical check-ups or visits during this time period, but they cannot visit the hostel security desk and student representative in person. They must meet with the CMP before arriving at the hostel.

19.745 Room Allocation: Students are assigned to the same room as the hostel staff member.

The campus doctor will be available for medical check-ups or visits during this time period, but they cannot visit the hostel security desk and student representative in person. They must meet with the CMP before arriving at the hostel.

19.746 Room Allocation: Students are assigned to the same room as the hostel staff member.

The campus doctor will be available for medical check-ups or visits during this time period, but they cannot visit the hostel security desk and student representative in person. They must meet with the CMP before arriving at the hostel.

19.747 Room Allocation: Students are assigned to the same room as the hostel staff member.

The campus doctor will be available for medical check-ups or visits during this time period, but they cannot visit the hostel security desk and student representative in person. They must meet with the CMP before arriving at the hostel.

19.748 Room Allocation: Students are assigned to the same room as the hostel staff member.

The campus doctor will be available for medical check-ups or visits during this time period, but they cannot visit the hostel security desk and student representative in person. They must meet with the CMP before arriving at the hostel.

19.749 Room Allocation: Students are assigned to the same room as the hostel staff member.

The campus doctor will be available for medical check-ups or visits during this time period, but they cannot visit the hostel security desk and student representative in person. They must meet with the CMP before arriving at the hostel.

19.750 Room Allocation: Students are assigned to the same room as the hostel staff member.

The campus doctor will be available for medical check-ups or visits during this time period, but they cannot visit the hostel security desk and student representative in person. They must meet with the CMP before arriving at the hostel.

19.751 Room Allocation: Students are assigned to the same room as the hostel staff member.

The campus doctor will be available for medical check-ups or visits during this time period, but they cannot visit the hostel security desk and student representative in person. They must meet with the CMP before arriving at the hostel.

19.752 Room Allocation: Students are assigned to the same room as the hostel staff member.

The campus doctor will be available for medical check-ups or visits during this time period, but they cannot visit the hostel security desk and student representative in person. They must meet with the CMP before arriving at the hostel.

19.753 Room Allocation: Students are assigned to the same room as the hostel staff member.

The campus doctor will be available for medical check-ups or visits during this time period, but they cannot visit the hostel security desk and student representative in person. They must meet with the CMP before arriving at the hostel.

19.754 Room Allocation: Students are assigned to the same room as the hostel staff member.

The campus doctor will be available for medical check-ups or visits during this time period, but they cannot visit the hostel security desk and student representative in person. They must meet with the CMP before arriving at the hostel.

19.755 Room Allocation: Students are assigned to the same room as the hostel staff member.

The campus doctor will be available for medical check-ups or visits during this time period, but they cannot visit the hostel security desk and student representative in person. They must meet with the CMP before arriving at the hostel.

19.756 Room Allocation: Students are assigned to the same room as the hostel staff member.

The campus doctor will be available for medical check-ups or visits during this time period, but they cannot visit the hostel security desk and student representative in person. They must meet with the CMP before arriving at the hostel.

19.757 Room Allocation: Students are assigned to the same room as the hostel staff member.

The campus doctor will be available for medical check-ups or visits during this time period, but they cannot visit the hostel security desk and student representative in person. They must meet with the CMP before arriving at the hostel.

19.758 Room Allocation: Students are assigned to the same room as the hostel staff member.

The campus doctor will be available for medical check-ups or visits during this time period, but they cannot visit the hostel security desk and student representative in person. They must meet with the CMP before arriving at the hostel.

19.759 Room Allocation: Students are assigned to the same room as the hostel staff member.

The campus doctor will be available for medical check-ups or visits during this time period, but they cannot visit the hostel security desk and student representative in person. They must meet with the CMP before arriving at the hostel.

19.760 Room Allocation: Students are assigned to the same room as the hostel staff member.

The campus doctor will be available for medical check-ups or visits during this time period, but they cannot visit the hostel security desk and student representative in person. They must meet with the CMP before arriving at the hostel.

19.761 Room Allocation: Students are assigned to the same room as the hostel staff member.

The campus doctor will be available for medical check-ups or visits during this time period, but they cannot visit the hostel security desk and student representative in person. They must meet with the CMP before arriving at the hostel.

19.762 Room Allocation: Students are assigned to the same room as the hostel staff member.

The campus doctor will be available for medical check-ups or visits during this time period, but they cannot visit the hostel security desk and student representative in person. They must meet with the CMP before arriving at the hostel.

19.763 Room Allocation: Students are assigned to the same room as the hostel staff member.

The campus doctor will be available for medical check-ups or visits during this time period, but they cannot visit the hostel security desk and student representative in person. They must meet with the CMP before arriving at the hostel.

19.764 Room Allocation: Students are assigned to the same room as the hostel staff member.

The campus doctor will be available for medical check-ups or visits during this time period, but they cannot visit the hostel security desk and student representative in person. They must meet with the CMP before arriving at the hostel.

19.765 Room Allocation: Students are assigned to the same room as the hostel staff member.

The campus doctor will be available for medical check-ups or visits during this time period, but they cannot visit the hostel security desk and student representative in person. They must meet with the CMP before arriving at the hostel.

19.766 Room Allocation: Students are assigned to the same room as the hostel staff member.

The campus doctor will be available for medical check-ups or visits during this time period, but they cannot visit the hostel security desk and student representative in person. They must meet with the CMP before arriving at the hostel.

19.767 Room Allocation: Students are assigned to the same room as the hostel staff member.

The campus doctor will be available for medical check-ups or visits during this time period, but they cannot visit the hostel security desk and student representative in person. They must meet with the CMP before arriving at the hostel.

19.768 Room Allocation: Students are assigned to the same room as the hostel staff member.

The campus doctor will be available for medical check-ups or visits during this time period, but they cannot visit the hostel security desk and student representative in person. They must meet with the CMP before arriving at the hostel.

19.769 Room Allocation: Students are assigned to the same room as the hostel staff member.

The campus doctor will be available for medical check-ups or visits during this time period, but they cannot visit the hostel security desk and student representative in person. They must meet with the CMP before arriving at the hostel.

19.770 Room Allocation: Students are assigned to the same room as the hostel staff member.

The campus doctor will be available for medical check-ups or visits during this time period, but they cannot visit the hostel security desk and student representative in person. They must meet with the CMP before arriving at the hostel.

19.771 Room Allocation: Students are assigned to the same room as the hostel staff member.

The campus doctor will be available for medical check-ups or visits during this time period, but they cannot visit the hostel security desk and student representative in person. They must meet with the CMP before arriving at the hostel.

19.772 Room Allocation: Students are assigned to the same room as the hostel staff member.

The campus doctor will be available for medical check-ups or visits during this time period, but they cannot visit the hostel security desk and student representative in person. They must meet with the CMP before arriving at the hostel.

19.773 Room Allocation: Students are assigned to the same room as the hostel staff member.

The campus doctor will be available for medical check-ups or visits during this time period, but they cannot visit the hostel security desk and student representative in person. They must meet with the CMP before arriving at the hostel.

19.774 Room Allocation: Students are assigned to the same room as the hostel staff member.

The campus doctor will be available for medical check-ups or visits during this time period, but they cannot visit the hostel security desk and student representative in person. They must meet with the CMP before arriving at the hostel.

19.775 Room Allocation: Students are assigned to the same room as the hostel staff member.

The campus doctor will be available for medical check-ups or visits during this time period, but they cannot visit the hostel security desk and student representative in person. They must meet with the CMP before arriving at the hostel.

19.776 Room Allocation: Students are assigned to the same room as the hostel staff member.

The campus doctor will be available for medical check-ups or visits during this time period, but they cannot visit the hostel security desk and student representative in person. They must meet with the CMP before arriving at the hostel.

19.777 Room Allocation: Students are assigned to the same room as the hostel staff member.

The campus doctor will be available for medical check-ups or visits during this time period, but they cannot visit the hostel security desk and student representative in person. They must meet with the CMP before arriving at the hostel.

19.778 Room Allocation: Students are assigned to the same room as the hostel staff member.

The campus doctor will be available for medical check-ups or visits during this time period, but they cannot visit the hostel security desk and student representative in person. They must meet with the CMP before arriving at the hostel.

19.779 Room Allocation: Students are assigned to the same room as the hostel staff member.

The campus doctor will be available for medical check-ups or visits during this time period, but they cannot visit the hostel security desk and student representative in person. They must meet with the CMP before arriving at the hostel.

19.780 Room Allocation: Students are assigned to the same room as the hostel staff member.

The campus doctor will be available for medical check-ups or visits during this time period, but they cannot visit the hostel security desk and student representative in person. They must meet with the CMP before arriving at the hostel.

19.781 Room Allocation: Students are assigned to the same room as the hostel staff member.

The campus doctor will be available for medical check-ups or visits during this time period, but they cannot visit the hostel security desk and student representative in person. They must meet with the CMP before arriving at the hostel.

19.782 Room Allocation: Students are assigned to the same room as the hostel staff member.

The campus doctor will be available for medical check-ups or visits during this time period, but they cannot visit the hostel security desk and student representative in person. They must meet with the CMP before arriving at the hostel.

19.783 Room Allocation: Students are assigned to the same room as the hostel staff member.

The campus doctor will be available for medical check-ups or visits during this time period, but they cannot visit the hostel security desk and student representative in person. They must meet with the CMP before arriving at the hostel.

19.784 Room Allocation: Students are assigned to the same room as the hostel staff member.

The campus doctor will be available for medical check-ups or visits during this time period, but they cannot visit the hostel security desk and student representative in person. They must meet with the CMP before arriving at the hostel.

19.785 Room Allocation: Students are assigned to the same room as the hostel staff member.

The campus doctor will be available for medical check-ups or visits during this time period, but they cannot visit the hostel security desk and student representative in person. They must meet with the CMP before arriving at the hostel.

19.786 Room Allocation: Students are assigned to the same room as the hostel staff member.

The campus doctor will be available for medical check-ups or visits during this time period, but they cannot visit the hostel security desk and student representative in person. They must meet with the CMP before arriving at the hostel.

19.787 Room Allocation: Students are assigned to the same room as the hostel staff member.

The campus doctor will be available for medical check-ups or visits during this time period, but they cannot visit the hostel security desk and student representative in person. They must meet with the CMP before arriving at the hostel.

19.788 Room Allocation: Students are assigned to the same room as the hostel staff member.

The campus doctor will be available for medical check-ups or visits during this time period, but they cannot visit the hostel security desk and student representative in person. They must meet with the CMP before arriving at the hostel.

19.789 Room Allocation: Students are assigned to the same room as the hostel staff member.

The campus doctor will be available for medical check-ups or visits during this time period, but they cannot visit the hostel security desk and student representative in person. They must meet with the CMP before arriving at the hostel.

19.790 Room Allocation: Students are assigned to the same room as the hostel staff member.

The campus doctor will be available for medical check-ups or visits during this time period, but they cannot visit the hostel security desk and student representative in person. They must meet with the CMP before arriving at the hostel.

19.791 Room Allocation: Students are assigned to the same room as the hostel staff member.

The campus doctor will be available for medical check-ups or visits during this time period, but they cannot visit the hostel security desk and student representative in person. They must meet with the CMP before arriving at the hostel.

19.792 Room Allocation: Students are assigned to the same room as the hostel staff member.

The campus doctor will be available for medical check-ups or visits during this time period, but they cannot visit the hostel security desk and student representative in person. They must meet with the CMP before arriving at the hostel.

19.793 Room Allocation: Students are assigned to the same room as the hostel staff member.

The campus doctor will be available for medical check-ups or visits during this time period, but they cannot visit the hostel security desk and student representative in person. They must meet with the CMP before arriving at the hostel.

19.794 Room Allocation: Students are assigned to the same room as the hostel staff member.

The campus doctor will be available for medical check-ups or visits during this time period, but they cannot visit the hostel security desk and student representative in person. They must meet with the CMP before arriving at the hostel.

19.795 Room Allocation: Students are assigned to the same room as the hostel staff member.

The campus doctor will be available for medical check-ups or visits during this time period, but they cannot visit the hostel security desk and student representative in person. They must meet with the CMP before arriving at the hostel.

19.796 Room Allocation: Students are assigned to the same room as the hostel staff member.

The campus doctor will be available for medical check-ups or visits during this time period, but they cannot visit the hostel security desk and student representative in person. They must meet with the CMP before arriving at the hostel.

19.797 Room Allocation: Students are assigned to the same room as the hostel staff member.

The campus doctor will be available for medical check-ups or visits during this time period, but they cannot visit the hostel security desk and student representative in person. They must meet with the CMP before arriving at the hostel.

19.798 Room Allocation: Students are assigned to the same room as the hostel staff member.

The campus doctor will be available for medical check-ups or visits during this time period, but they cannot visit the hostel security desk and student representative in person. They must meet with the CMP before arriving at the hostel.

19.799 Room Allocation: Students are assigned to the same room as the hostel staff member.

The campus doctor will be available for medical check-ups or visits during this time period, but they cannot visit the hostel security desk and student representative in person. They must meet with the CMP before arriving at the hostel.

19.800 Room Allocation: Students are assigned to the same room as the hostel staff member.

The campus doctor will be available for medical check-ups or visits during this time period, but they cannot visit the hostel security desk and student representative in person. They must meet with the CMP before arriving at the hostel.

19.801 Room Allocation: Students are assigned to the same room as the hostel staff member.

The campus doctor will be available for medical check-ups or visits during this time period, but they cannot visit the hostel security desk and student representative in person. They must meet with the CMP before arriving at the hostel.

19.802 Room Allocation: Students are assigned to the same room as the hostel staff member.

The campus doctor will be available for medical check-ups or visits during this time period, but they cannot visit the hostel security desk and student representative in person. They must meet with the CMP before arriving at the hostel.

19.803 Room Allocation: Students are assigned to the same room as the hostel staff member.

The campus doctor will be available for medical check-ups or visits during this time period, but they cannot visit the hostel security desk and student representative in person. They must meet with the CMP before arriving at the hostel.

19.804 Room Allocation: Students are assigned to the same room as the hostel staff member.

The campus doctor will be available for medical check-ups or visits during this time period, but they cannot visit the hostel security desk and student representative in person. They must meet with the CMP before arriving at the hostel.

19.805 Room Allocation: Students are assigned to the same room as the hostel staff member.

The campus doctor will be available for medical check-ups or visits during this time period, but they cannot visit the hostel security desk and student representative in person. They must meet with the CMP before arriving at the hostel.

19.806 Room Allocation: Students are assigned to the same room as the hostel staff member.

The campus doctor will be available for medical check-ups or visits during this time period, but they cannot visit the hostel security desk and student representative in person. They must meet with the CMP before arriving at the hostel.

19.807 Room Allocation: Students are assigned to the same room as the hostel staff member.

The campus doctor will be available for medical check-ups or visits during this time period, but they cannot visit the hostel security desk and student representative in person. They must meet with the CMP before arriving at the hostel.

19.808 Room Allocation: Students are assigned to the same room as the hostel staff member.

The campus doctor will be available for medical check-ups or visits during this time period, but they cannot visit the hostel security desk and student representative in person. They must meet with the CMP before arriving at the hostel.

19.809 Room Allocation: Students are assigned to the same room as the hostel staff member.

The campus doctor will be available for medical check-ups or visits during this time period, but they cannot visit the hostel security desk and student representative in person. They must meet with the CMP before arriving at the hostel.

19.810 Room Allocation: Students are assigned to the same room as the hostel staff member.

The campus doctor will be available for medical check-ups or visits during this time period, but they cannot visit the hostel security desk and student representative in person. They must meet with the CMP before arriving at the hostel.

19.811 Room Allocation: Students are assigned to the same room as the hostel staff member.

The campus doctor will be available for medical check-ups or visits during this time period, but they cannot visit the hostel security desk and student representative in person. They must meet with the CMP before arriving at the hostel.

19.812 Room Allocation: Students are assigned to the same room as the hostel staff member.

The campus doctor will be available for medical check-ups or visits during this time period, but they cannot visit the hostel security desk and student representative in person. They must meet with the CMP before arriving at the hostel.

19.813 Room Allocation: Students are assigned to the same room as the hostel staff member.

The campus doctor will be available for medical check-ups or visits during this time period, but they cannot visit the hostel security desk and student representative in person. They must meet with the CMP before arriving at the hostel.

19.814 Room Allocation: Students are assigned to the same room as the hostel staff member.

The campus doctor will be available for medical check-ups or visits during this time period, but they cannot visit the hostel security desk and student representative in person. They must meet with the CMP before arriving at the hostel.

19.815 Room Allocation: Students are assigned to the same room as the hostel staff member.

The campus doctor will be available for medical check-ups or visits during this time period, but they cannot visit the hostel security desk and student representative in person. They must meet with the CMP before arriving at the hostel.

19.816 Room Allocation: Students are assigned to the same room as the hostel staff member.

The campus doctor will be available for medical check-ups or visits during this time period, but they cannot visit the hostel security desk and student representative in person. They must meet with the CMP before arriving at the hostel.

19.817 Room Allocation: Students are assigned to the same room as the hostel staff member.

The campus doctor will be available for medical check-ups or visits during this time period, but they cannot visit the hostel security desk and student representative in person. They must meet with the CMP before arriving at the hostel.

19.818 Room Allocation: Students are assigned to the same room as the hostel staff member.

The campus doctor will be available for medical check-ups or visits during this time period, but they cannot visit the hostel security desk and student representative in person. They must meet with the CMP before arriving at the hostel.

19.819 Room Allocation: Students are assigned to the same room as the hostel staff member.

The campus doctor will be available for medical check-ups or visits during this time period, but they cannot visit the hostel security desk and student representative in person. They must meet with the CMP before arriving at the hostel.

19.820 Room Allocation: Students are assigned to the same room as the hostel staff member.

The campus doctor will be available for medical check-ups or visits during this time period, but they cannot visit the hostel security desk and student representative in person. They must meet with the CMP before arriving at the hostel.

19.821 Room Allocation: Students are assigned to the same room as the hostel staff member.

The campus doctor will be available for medical check-ups or visits during this time period, but they cannot visit the hostel security desk and student representative in person. They must meet with the CMP before arriving at the hostel.

19.822 Room Allocation: Students are assigned to the same room as the hostel staff member.

The campus doctor will be available for medical check-ups or visits during this time period, but they cannot visit the hostel security desk and student representative in person. They must meet with the CMP before arriving at the hostel.

19.823 Room Allocation: Students are assigned to the same room as the hostel staff member.

The campus doctor will be available for medical check-ups or visits during this time period, but they cannot visit the hostel security desk and student representative in person. They must meet with the CMP before arriving at the hostel.

19.824 Room Allocation: Students are assigned to the same room as the hostel staff member.

The campus doctor will be available for medical check-ups or visits during this time period, but they cannot visit the hostel security desk and student representative in person. They must meet with the CMP before arriving at the hostel.

19.825 Room Allocation: Students are assigned to the same room as the hostel staff member.

The campus doctor will be available for medical check-ups or visits during this time period, but they cannot visit the hostel security desk and student representative in person. They must meet with the CMP before arriving at the hostel.

19.826 Room Allocation: Students are assigned to the same room as the hostel staff member.

The campus doctor will be available for medical check-ups or visits during this time period, but they cannot visit the hostel security desk and student representative in person. They must meet with the CMP before arriving at the hostel.

19.827 Room Allocation: Students are assigned to the same room as the hostel staff member.

The campus doctor will be available for medical check-ups or visits during this time period, but they cannot visit the hostel security desk and student representative in person. They must meet with the CMP before arriving at the hostel.

19.828 Room Allocation: Students are assigned to the same room as the hostel staff member.

The campus doctor will be available for medical check-ups or visits during this time period, but they cannot visit the hostel security desk and student representative in person. They must meet with the CMP before arriving at the hostel.

19.829 Room Allocation: Students are assigned to the same room as the hostel staff member.

The campus doctor will be available for medical check-ups or visits during this time period, but they cannot visit the hostel security desk and student representative in person. They must meet with the CMP before arriving at the hostel.

19.830 Room Allocation: Students are assigned to the same room as the hostel staff member.

The campus doctor will be available for medical check-ups or visits during this time period, but they cannot visit the hostel security desk and student representative in person. They must meet with the CMP before arriving at the hostel.

19.831 Room Allocation: Students are assigned to the same room as the hostel staff member.

The campus doctor will be available for medical check-ups or visits during this time period, but they cannot visit the hostel security desk and student representative in person. They must meet with the CMP before arriving at the hostel.

19.832 Room Allocation: Students are assigned to the same room as the hostel staff member.

The campus doctor will be available for medical check-ups or visits during this time period, but they cannot visit the hostel security desk and student representative in person. They must meet with the CMP before arriving at the hostel.

19.833 Room Allocation: Students are assigned to the same room as the hostel staff member.

The campus doctor will be available for medical check-ups or visits during this time period, but they cannot visit the hostel security desk and student representative in person. They must meet with the CMP before arriving at the hostel.

19.834 Room Allocation: Students are assigned to the same room as the hostel staff member.

The campus doctor will be available for medical check-ups or visits during this time period, but they cannot visit the hostel security desk and student representative in person. They must meet with the CMP before arriving at the hostel.

19.835 Room Allocation: Students are assigned to the same room as the hostel staff member.

The campus doctor will be available for medical check-ups or visits during this time period, but they cannot visit the hostel security desk and student representative in person. They must meet with the CMP before arriving at the hostel.

19.836 Room Allocation: Students are assigned to the same room as the hostel staff member.

The campus doctor will be available for medical check-ups or visits during this time period, but they cannot visit the hostel security desk and student representative in person. They must meet with the CMP before arriving at the hostel.

19.837 Room Allocation: Students are assigned to the same room as the hostel staff member.

The campus doctor will be available for medical check-ups or visits during this time period, but they cannot visit the hostel security desk and student representative in person. They must meet with the CMP before arriving at the hostel.

19.838 Room Allocation: Students are assigned to the same room as the hostel staff member.

The campus doctor will be available for medical check-ups or visits during this time period, but they cannot visit the hostel security desk and student representative in person. They must meet with the CMP before arriving at the hostel.

19.839 Room Allocation: Students are assigned to the same room as the hostel staff member.

The campus doctor will be available for medical check-ups or visits during this time period, but they cannot visit the hostel security desk and student representative in person. They must meet with the CMP before arriving at the hostel.

19.840 Room Allocation: Students are assigned to the same room as the hostel staff member.

The campus doctor will be available for medical check-ups or visits during this time period, but they cannot visit the hostel security desk and student representative in person. They must meet with the CMP before arriving at the hostel.

19.841 Room Allocation: Students are assigned to the same room as the hostel staff member.

The campus doctor will be available for medical check-ups or visits during this time period, but they cannot visit the hostel security desk and student representative in person. They must meet with the CMP before arriving at the hostel.

19.842 Room Allocation: Students are assigned to the same room as the hostel staff member.

The campus doctor will be available for medical check-ups or visits during this time period, but they cannot visit the hostel security desk and student representative in person. They must meet with the CMP before arriving at the hostel.

19.843 Room Allocation: Students are assigned to the same room as the hostel staff member.

The campus doctor will be available for medical check-ups or visits during this time period, but they cannot visit the hostel security desk and student representative in person. They must meet with the CMP before arriving at the hostel.

19.844 Room Allocation: Students are assigned to the same room as the hostel staff member.

The campus doctor will be available for medical check-ups or visits during this time period, but they cannot visit the hostel security desk and student representative in person. They must meet with the CMP before arriving at the hostel.

19.845 Room Allocation: Students are assigned to the same room as the hostel staff member.

The campus doctor will be available for medical check-ups or visits during this time period, but they cannot visit the hostel security desk and student representative in person. They must meet with the CMP before arriving at the hostel.

19.846 Room Allocation: Students are assigned to the same room as the hostel staff member.

The campus doctor will be available for medical check-ups or visits during this time period, but they cannot visit the hostel security desk and student representative in person. They must meet with the CMP before arriving at the hostel.

19.847 Room Allocation: Students are assigned to the same room as the hostel staff member.

The campus doctor will be available for medical check-ups or visits during this time period, but they cannot visit the hostel security desk and student representative in person. They must meet with the CMP before arriving at the hostel.

19.848 Room Allocation: Students are assigned to the same room as the hostel staff member.

The campus doctor will be available for medical check-ups or visits during this time period, but they cannot visit the hostel security desk and student representative in person. They must meet with the CMP before arriving at the hostel.

19.849 Room Allocation: Students are assigned to the same room as the hostel staff member.

The campus doctor will be available for medical check-ups or visits during this time period, but they cannot visit the hostel security desk and student representative in person. They must meet with the CMP before arriving at the hostel.

19.850 Room Allocation: Students are assigned to the same room as the hostel staff member.

The campus doctor will be available for medical check-ups or visits during this time period, but they cannot visit the hostel security desk and student representative in person. They must meet with the CMP before arriving at the hostel.

19.851 Room Allocation: Students are assigned to the same room as the hostel staff member.

The campus doctor will be available for medical check-ups or visits during this time period, but they cannot visit the hostel security desk and student representative in person. They must meet with the CMP before arriving at the hostel.

19.852 Room Allocation: Students are assigned to the same room as the hostel staff member.

The campus doctor will be available for medical check-ups or visits during this time period, but they cannot visit the hostel security desk and student representative in person. They must meet with the CMP before arriving at the hostel.

19.853 Room Allocation: Students are assigned to the same room as the hostel staff member.

The campus doctor will be available for medical check-ups or visits during this time period, but they cannot visit the hostel security desk and student representative in person. They must meet with the CMP before arriving at the hostel.

19.854 Room Allocation: Students are assigned to the same room as the hostel staff member.

The campus doctor will be available for medical check-ups or visits during this time period, but they cannot visit the hostel security desk and student representative in person. They must meet with the CMP before arriving at the hostel.

19.855 Room Allocation: Students are assigned to the same room as the hostel staff member.

The campus doctor will be available for medical check-ups or visits during this time period, but they cannot visit the hostel security desk and student representative in person. They must meet with the CMP before arriving at the hostel.

19.856 Room Allocation: Students are assigned to the same room as the hostel staff member.

The campus doctor will be available for medical check-ups or visits during this time period, but they cannot visit the hostel security desk and student representative in person. They must meet with the CMP before arriving at the hostel.

19.857 Room Allocation: Students are assigned to the same room as the hostel staff member.

The campus doctor will be available for medical check-ups or visits during this time period, but they cannot visit the hostel security desk and student representative in person. They must meet with the CMP before arriving at the hostel.

19.858 Room Allocation: Students are assigned to the same room as the hostel staff member.

The campus doctor will be available for medical check-ups or visits during this time period, but they cannot visit the hostel security desk and student representative in person. They must meet with the CMP before arriving at the hostel.

19.859 Room Allocation: Students are assigned to the same room as the hostel staff member.

The campus doctor will be available for medical check-ups or visits during this time period, but they cannot visit the hostel security desk and student representative in person. They must meet with the CMP before arriving at the hostel.

19.860 Room Allocation: Students are assigned to the same room as the hostel staff member.

The campus doctor will be available for medical check-ups or visits during this time period, but they cannot visit the hostel security desk and student representative in person. They must meet with the CMP before arriving at the hostel.

19.861 Room Allocation: Students are assigned to the same room as the hostel staff member.

The campus doctor will be available for medical check-ups or visits during this time period, but they cannot visit the hostel security desk and student representative in person. They must meet with the CMP before arriving at the hostel.

19.862 Room Allocation: Students are assigned to the same room as the hostel staff member.

The campus doctor will be available for medical check-ups or visits during this time period, but they cannot visit the hostel security desk and student representative in person. They must meet with the CMP before arriving at the hostel.

19.863 Room Allocation: Students are assigned to the same room as the hostel staff member.

The campus doctor will be available for medical check-ups or visits during this time period, but they cannot visit the hostel security desk and student representative in person. They must meet with the CMP before arriving at the hostel.

19.864 Room Allocation: Students are assigned to the same room as the hostel staff member.

The campus doctor will be available for medical check-ups or visits during this time period, but they cannot visit the hostel security desk and student representative in person. They must meet with the CMP before arriving at the hostel.

19.865 Room Allocation: Students are assigned to the same room as the hostel staff member.

The campus doctor will be available for medical check-ups or visits during this time period, but they cannot visit the hostel security desk and student representative in person. They must meet with the CMP before arriving at the hostel.

19.866 Room Allocation: Students are assigned to the same room as the hostel staff member.

The campus doctor will be available for medical check-ups or visits during this time period, but they cannot visit the hostel security desk and student representative in person. They must meet with the CMP before arriving at the hostel.

19.867 Room Allocation: Students are assigned to the same room as the hostel staff member.

The campus doctor will be available for medical check-ups or visits during this time period, but they cannot visit the hostel security desk and student representative in person. They must meet with the CMP before arriving at the hostel.

19.868 Room Allocation: Students are assigned to the same room as the hostel staff member.

The campus doctor will be available for medical check-ups or visits during this time period, but they cannot visit the hostel security desk and student representative in person. They must meet with the CMP before arriving at the hostel.

19.869 Room Allocation: Students are assigned to the same room as the hostel staff member.

The campus doctor will be available for medical check-ups or visits during this time period, but they cannot visit the hostel security desk and student representative in person. They must meet with the CMP before arriving at the hostel.

19.870 Room Allocation: Students are assigned to the same room as the hostel staff member.

The campus doctor will be available for medical check-ups or visits during this time period, but they cannot visit the hostel security desk and student representative in person. They must meet with the CMP before arriving at the hostel.

19.871 Room Allocation: Students are assigned to the same room as the hostel staff member.

The campus doctor will be available for medical check-ups or visits during this time period, but they cannot visit the hostel security desk and student representative in person. They must meet with the CMP before arriving at the hostel.

19.872 Room Allocation: Students are assigned to the same room as the hostel staff member.

The campus doctor will be available for medical check-ups or visits during this time period, but they cannot visit the hostel security desk and student representative in person. They must meet with the CMP before arriving at the hostel.

19.873 Room Allocation: Students are assigned to the same room as the hostel staff member.

The campus doctor will be available for medical check-ups or visits during this time period, but they cannot visit the hostel security desk and student representative in person. They must meet with the CMP before arriving at the hostel.

19.874 Room Allocation: Students are assigned to the same room as the hostel staff member.

The campus doctor will be available for medical check-ups or visits during this time period, but they cannot visit the hostel security desk and student representative in person. They must meet with the CMP before arriving at the hostel.

19.875 Room Allocation: Students are assigned to the same room as the hostel staff member.

The campus doctor will be available for medical check-ups or visits during this time period, but they cannot visit the hostel security desk and student representative in person. They must meet with the CMP before arriving at the hostel.

19.876 Room Allocation: Students are assigned to the same room as the hostel staff member.

The campus doctor will be available for medical check-ups or visits during this time period, but they cannot visit the hostel security desk and student representative in person. They must meet with the CMP before arriving at the hostel.

19.877 Room Allocation: Students are assigned to the same room as the hostel staff member.

The campus doctor will be available for medical check-ups or visits during this time period, but they cannot visit the hostel security desk and student representative in person. They must meet with the CMP before arriving at the hostel.

19.878 Room Allocation: Students are assigned to the same room as the hostel staff member.

The campus doctor will be available for medical check-ups or visits during this time period, but they cannot visit the hostel security desk and student representative in person. They must meet with the CMP before arriving at the hostel.

19.879 Room Allocation: Students are assigned to the same room as the hostel staff member.

The campus doctor will be available for medical check-ups or visits during this time period, but they cannot visit the hostel security desk and student representative in person. They must meet with the CMP before arriving at the hostel.

19.880 Room Allocation: Students are assigned to the same room as the hostel staff member.

The campus doctor will be available for medical check-ups or visits during this time period, but they cannot visit the hostel security desk and student representative in person. They must meet with the CMP before arriving at the hostel.

19.881 Room Allocation: Students are assigned to the same room as the hostel staff member.

The campus doctor will be available for medical check-ups or visits during this time period, but they cannot visit the hostel security desk and student representative in person. They must meet with the CMP before arriving at the hostel.

19.882 Room Allocation: Students are assigned to the same room as the hostel staff member.

The campus doctor will be available for medical check-ups or visits during this time period, but they cannot visit the hostel security desk and student representative in person. They must meet with the CMP before arriving at the hostel.

19.883 Room Allocation: Students are assigned to the same room as the hostel staff member.

The campus doctor will be available for medical check-ups or visits during this time period, but they cannot visit the hostel security desk and student representative in person. They must meet with the CMP before arriving at the hostel.

19.884 Room Allocation: Students are assigned to the same room as the hostel staff member.

The campus doctor will be available for medical check-ups or visits during this time period, but they cannot visit the hostel security desk and student representative in person. They must meet with the CMP before arriving at the hostel.

19.885 Room Allocation: Students are assigned to the same room as the hostel staff member.

The campus doctor will be available for medical check-ups or visits during this time period, but they cannot visit the hostel security desk and student representative in person. They must meet with the CMP before arriving at the hostel.

19.886 Room Allocation: Students are assigned to the same room as the hostel staff member.

The campus doctor will be available for medical check-ups or visits during this time period, but they cannot visit the hostel security desk and student representative in person. They must meet with the CMP before arriving at the hostel.

19.887 Room Allocation: Students are assigned to the same room as the hostel staff member.

The campus doctor will be available for medical check-ups or visits during this time period, but they cannot visit the hostel security desk and student representative in person. They must meet with the CMP before arriving at the hostel.

19.888 Room Allocation: Students are assigned to the same room as the hostel staff member.

The campus doctor will be available for medical check-ups or visits during this time period, but they cannot visit the hostel security desk and student representative in person. They must meet with the CMP before arriving at the hostel.

19.889 Room Allocation: Students are assigned to the same room as the hostel staff member.

The campus doctor will be available for medical check-ups or visits during this time period, but they cannot visit the hostel security desk and student representative in person. They must meet with the CMP before arriving at the hostel.

19.890 Room Allocation: Students are assigned to the same room as the hostel staff member.

The campus doctor will be available for medical check-ups or visits during this time period, but they cannot visit the hostel security desk and student representative in person. They must meet with the CMP before arriving at the hostel.

19.891 Room Allocation: Students are assigned to the same room as the hostel staff member.

The campus doctor will be available for medical check-ups or visits during this time period, but they cannot visit the hostel security desk and student representative in person. They must meet with the CMP before arriving at the hostel.

19.892 Room Allocation: Students are assigned to the same room as the hostel staff member.

The campus doctor will be available for medical check-ups or visits during this time period, but they cannot visit the hostel security desk and student representative in person. They must meet with the CMP before arriving at the hostel.

19.893 Room Allocation: Students are assigned to the same room as the hostel staff member.

The campus doctor will be available for medical check-ups or visits during this time period, but they cannot visit the hostel security desk and student representative in person. They must meet with the CMP before arriving at the hostel.

19.894 Room Allocation: Students are assigned to the same room as the hostel staff member.

The campus doctor will be available for medical check-ups or visits during this time period, but they cannot visit the hostel security desk and student representative in person. They must meet with the CMP before arriving at the hostel.

19.895 Room Allocation: Students are assigned to the same room as the hostel staff member.

The campus doctor will be available for medical check-ups or visits during this time period, but they cannot visit the hostel security desk and student representative in person. They must meet with the CMP before arriving at the hostel.

19.896 Room Allocation: Students are assigned to the same room as the hostel staff member.

The campus doctor will be available for medical check-ups or visits during this time period, but they cannot visit the hostel security desk and student representative in person. They must meet with the CMP before arriving at the hostel.

19.897 Room Allocation: Students are assigned to the same room as the hostel staff member.

The campus doctor will be available for medical check-ups or visits during this time period, but they cannot visit the hostel security desk and student representative in person. They must meet with the CMP before arriving at the hostel.

19.898 Room Allocation: Students are assigned to the same room as the hostel staff member.

The campus doctor will be available for medical check-ups or visits during this time period, but they cannot visit the hostel security desk and student representative in person. They must meet with the CMP before arriving at the hostel.

19.899 Room Allocation: Students are assigned to the same room as the hostel staff member.

The campus doctor will be available for medical check-ups or visits during this time period, but they cannot visit the hostel security desk and student representative in person. They must meet with the CMP before arriving at the hostel.

19.900 Room Allocation: Students are assigned to the same room as the hostel staff member.

The campus doctor will be available for medical check-ups or visits during this time period, but they cannot visit the hostel security desk and student representative in person. They must meet with the CMP before arriving at the hostel.

19.901 Room Allocation: Students are assigned to the same room as the hostel staff member.

The campus doctor will be available for medical check-ups or visits during this time period, but they cannot visit the hostel security desk and student representative in person. They must meet with the CMP before arriving at the hostel.

19.902 Room Allocation: Students are assigned to the same room as the hostel staff member.

The campus doctor will be available for medical check-ups or visits during this time period, but they cannot visit the hostel security desk and student representative in person. They must meet with the CMP before arriving at the hostel.

19.903 Room Allocation: Students are assigned to the same room as the hostel staff member.

The campus doctor will be available for medical check-ups or visits during this time period, but they cannot visit the hostel security desk and student representative in person. They must meet with the CMP before arriving at the hostel.

19.904 Room Allocation: Students are assigned to the same room as the hostel staff member.

The campus doctor will be available for medical check-ups or visits during this time period, but they cannot visit the hostel security desk and student representative in person. They must meet with the CMP before arriving at the hostel.

19.905 Room Allocation: Students are assigned to the same room as the hostel staff member.

The campus doctor will be available for medical check-ups or visits during this time period, but they cannot visit the hostel security desk and student representative in person. They must meet with the CMP before arriving at the hostel.

19.906 Room Allocation: Students are assigned to the same room as the hostel staff member.

The campus doctor will be available for medical check-ups or visits during this time period, but they cannot visit the hostel security desk and student representative in person. They must meet with the CMP before arriving at the hostel.

19.907 Room Allocation: Students are assigned to the same room as the hostel staff member.

The campus doctor will be available for medical check-ups or visits during this time period, but they cannot visit the hostel security desk and student representative in person. They must meet with the CMP before arriving at the hostel.

19.908 Room Allocation: Students are assigned to the same room as the hostel staff member.

The campus doctor will be available for medical check-ups or visits during this time period, but they cannot visit the hostel security desk and student representative in person. They must meet with the CMP before arriving at the hostel.

19.909 Room Allocation: Students are assigned to the same room as the hostel staff member.

The campus doctor will be available for medical check-ups or visits during this time period, but they cannot visit the hostel security desk and student representative in person. They must meet with the CMP before arriving at the hostel.

19.910 Room Allocation: Students are assigned to the same room as the hostel staff member.

The campus doctor will be available for medical check-ups or visits during this time period, but they cannot visit the hostel security desk and student representative in person. They must meet with the CMP before arriving at the hostel.

19.911 Room Allocation: Students are assigned to the same room as the hostel staff member.

The campus doctor will be available for medical check-ups or visits during this time period, but they cannot visit the hostel security desk and student representative in person. They must meet with the CMP before arriving at the hostel.

19.912 Room Allocation: Students are assigned to the same room as the hostel staff member.

The campus doctor will be available for medical check-ups or visits during this time period, but they cannot visit the hostel security desk and student representative in person. They must meet with the CMP before arriving at the hostel.

19.913 Room Allocation: Students are assigned to the same room as the hostel staff member.

The campus doctor will be available for medical check-ups or visits during this time period, but they cannot visit the hostel security desk and student representative in person. They must meet with the CMP before arriving at the hostel.

19.914 Room Allocation: Students are assigned to the same room as the hostel staff member.

The campus doctor will be available for medical check-ups or visits during this time period, but they cannot visit the hostel security desk and student representative in person. They must meet with the CMP before arriving at the hostel.

19.915 Room Allocation: Students are assigned to the same room as the hostel staff member.

The campus doctor will be available for medical check-ups or visits during this time period, but they cannot visit the hostel security desk and student representative in person. They must meet with the CMP before arriving at the hostel.

19.916 Room Allocation: Students are assigned to the same room as the hostel staff member.

The campus doctor will be available for medical check-ups or visits during this time period, but they cannot visit the hostel security desk and student representative in person. They must meet with the CMP before arriving at the hostel.

19.917 Room Allocation: Students are assigned to the same room as the hostel staff member.

The campus doctor will be available for medical check-ups or visits during this time period, but they cannot visit the hostel security desk and student representative in person. They must meet with the CMP before arriving at the hostel.

19.918 Room Allocation: Students are assigned to the same room as the hostel staff member.

The campus doctor will be available for medical check-ups or visits during this time period, but they cannot visit the hostel security desk and student representative in person. They must meet with the CMP before arriving at the hostel.

19.919 Room Allocation: Students are assigned to the same room as the hostel staff member.

The campus doctor will be available for medical check-ups or visits during this time period, but they cannot visit the hostel security desk and student representative in person. They must meet with the CMP before arriving at the hostel.

19.920 Room Allocation: Students are assigned to the same room as the hostel staff member.

The campus doctor will be available for medical check-ups or visits during this time period, but they cannot visit the hostel security desk and student representative in person. They must meet with the CMP before arriving at the hostel.

19.921 Room Allocation: Students are assigned to the same room as the hostel staff member.

The campus doctor will be available for medical check-ups or visits during this time period, but they cannot visit the hostel security desk and student representative in person. They must meet with the CMP before arriving at the hostel.

19.922 Room Allocation: Students are assigned to the same room as the hostel staff member.

The campus doctor will be available for medical check-ups or visits during this time period, but they cannot visit the hostel security desk and student representative in person. They must meet with the CMP before arriving at the hostel.

19.923 Room Allocation: Students are assigned to the same room as the hostel staff member.

The campus doctor will be available for medical check-ups or visits during this time period, but they cannot visit the hostel security desk and student representative in person. They must meet with the CMP before arriving at the hostel.

19.924 Room Allocation: Students are assigned to the same room as the hostel staff member.

The campus doctor will be available for medical check-ups or visits during this time period, but they cannot visit the hostel security desk and student representative in person. They must meet with the CMP before arriving at the hostel.

19.925 Room Allocation: Students are assigned to the same room as the hostel staff member.

The campus doctor will be available for medical check-ups or visits during this time period, but they cannot visit the hostel security desk and student representative in person. They must meet with the CMP before arriving at the hostel.

19.926 Room Allocation: Students are assigned to the same room as the hostel staff member.

The campus doctor will be available for medical check-ups or visits during this time period, but they cannot visit the hostel security desk and student representative in person. They must meet with the CMP before arriving at the hostel.

19.927 Room Allocation: Students are assigned to the same room as the hostel staff member.

The campus doctor will be available for medical check-ups or visits during this time period, but they cannot visit the hostel security desk and student representative in person. They must meet with the CMP before arriving at the hostel.

19.928 Room Allocation: Students are assigned to the same room as the hostel staff member.

The campus doctor will be available for medical check-ups or visits during this time period, but they cannot visit the hostel security desk and student representative in person. They must meet with the CMP before arriving at the hostel.

19.929 Room Allocation: Students are assigned to the same room as the hostel staff member.

The campus doctor will be available for medical check-ups or visits during this time period, but they cannot visit the hostel security desk and student representative in person. They must meet with the CMP before arriving at the hostel.

19.930 Room Allocation: Students are assigned to the same room as the hostel staff member.

The campus doctor will be available for medical check-ups or visits during this time period, but they cannot visit the hostel security desk and student representative in person. They must meet with the CMP before arriving at the hostel.

19.931 Room Allocation: Students are assigned to the same room as the hostel staff member.

The campus doctor will be available for medical check-ups or visits during this time period, but they cannot visit the hostel security desk and student representative in person. They must meet with the CMP before arriving at the hostel.

19.932 Room Allocation: Students are assigned to the same room as the hostel staff member.

The campus doctor will be available for medical check-ups or visits during this time period, but they cannot visit the hostel security desk and student representative in person. They must meet with the CMP before arriving at the hostel.

19.933 Room Allocation: Students are assigned to the same room as the hostel staff member.

The campus doctor will be available for medical check-ups or visits during this time period, but they cannot visit the hostel security desk and student representative in person. They must meet with the CMP before arriving at the hostel.

19.934 Room Allocation: Students are assigned to the same room as the hostel staff member.

The campus doctor will be available for medical check-ups or visits during this time period, but they cannot visit the hostel security desk and student representative in person. They must meet with the CMP before arriving at the hostel.

19.935 Room Allocation: Students are assigned to the same room as the hostel staff member.

The campus doctor will be available for medical check-ups or visits during this time period, but they cannot visit the hostel security desk and student representative in person. They must meet with the CMP before arriving at the hostel.

19.936 Room Allocation: Students are assigned to the same room as the hostel staff member.

The campus doctor will be available for medical check-ups or visits during this time period, but they cannot visit the hostel security desk and student representative in person. They must meet with the CMP before arriving at the hostel.

19.937 Room Allocation: Students are assigned to the same room as the hostel staff member.

The campus doctor will be available for medical check-ups or visits during this time period, but they cannot visit the hostel security desk and student representative in person. They must meet with the CMP before arriving at the hostel.

19.938 Room Allocation: Students are assigned to the same room as the hostel staff member.

The campus doctor will be available for medical check-ups or visits during this time period, but they cannot visit the hostel security desk and student representative in person. They must meet with the CMP before arriving at the hostel.

19.939 Room Allocation: Students are assigned to the same room as the hostel staff member.

The campus doctor will be available for medical check-ups or visits during this time period, but they cannot visit the hostel security desk and student representative in person. They must meet with the CMP before arriving at the hostel.

19.940 Room Allocation: Students are assigned to the same room as the hostel staff member.

The campus doctor will be available for medical check-ups or visits during this time period, but they cannot visit the hostel security desk and student representative in person. They must meet with the CMP before arriving at the hostel.

19.941 Room Allocation: Students are assigned to the same room as the hostel staff member.

The campus doctor will be available for medical check-ups or visits during this time period, but they cannot visit the hostel security desk and student representative in person. They must meet with the CMP before arriving at the hostel.

19.942 Room Allocation: Students are assigned to the same room as the hostel staff member.

The campus doctor will be available for medical check-ups or visits during this time period, but they cannot visit the hostel security desk and student representative in person. They must meet with the CMP before arriving at the hostel.

19.943 Room Allocation: Students are assigned to the same room as the hostel staff member.

The campus doctor will be available for medical check-ups or visits during this time period, but they cannot visit the hostel security desk and student representative in person. They must meet with the CMP before arriving at the hostel.

19.944 Room Allocation: Students are assigned to the same room as the hostel staff member.

The campus doctor will be available for medical check-ups or visits during this time period, but they cannot visit the hostel security desk and student representative in person. They must meet with the CMP before arriving at the hostel.

19.945 Room Allocation: Students are assigned to the same room as the hostel staff member.

The campus doctor will be available for medical check-ups or visits during this time period, but they cannot visit the hostel security desk and student representative in person. They must meet with the CMP before arriving at the hostel.

19.946 Room Allocation: Students are assigned to the same room as the hostel staff member.

The campus doctor will be available for medical check-ups or visits during this time period, but they cannot visit the hostel security desk and student representative in person. They must meet with the CMP before arriving at the hostel.

19.947 Room Allocation: Students are assigned to the same room as the hostel staff member.

The campus doctor will be available for medical check-ups or visits during this time period, but they cannot visit the hostel security desk and student representative in person. They must meet with the CMP before arriving at the hostel.

19.948 Room Allocation: Students are assigned to the same room as the hostel staff member.

The campus doctor will be available for medical check-ups or visits during this time period, but they cannot visit the hostel security desk and student representative in person. They must meet with the CMP before arriving at the hostel.

19.949 Room Allocation: Students are assigned to the same room as the hostel staff member.

The campus doctor will be available for medical check-ups or visits during this time period, but they cannot visit the hostel security desk and student representative in person. They must meet with the CMP before arriving at the hostel.

19.950 Room Allocation: Students are assigned to the same room as the hostel staff member.

The campus doctor will be available for medical check-ups or visits during this time period, but they cannot visit the hostel security desk and student representative in person. They must meet with the CMP before arriving at the hostel.

19.951 Room Allocation: Students are assigned to the same room as the hostel staff member.

The campus doctor will be available for medical check-ups or visits during this time period, but they cannot visit the hostel security desk and student representative in person. They must meet with the CMP before arriving at the hostel.

19.952 Room Allocation: Students are assigned to the same room as the hostel staff member.

The campus doctor will be available for medical check-ups or visits during this time period, but they cannot visit the hostel security desk and student representative in person. They must meet with the CMP before arriving at the hostel.

19.953 Room Allocation: Students are assigned to the same room as the hostel staff member.

The campus doctor will be available for medical check-ups or visits during this time period, but they cannot visit the hostel security desk and student representative in person. They must meet with the CMP before arriving at the hostel.

19.954 Room Allocation: Students are assigned to the same room as the hostel staff member.

The campus doctor will be available for medical check-ups or visits during this time period, but they cannot visit the hostel security desk and student representative in person. They must meet with the CMP before arriving at the hostel.

19.955 Room Allocation: Students are assigned to the same room as the hostel staff member.

The campus doctor will be available for medical check-ups or visits during this time period, but they cannot visit the hostel security desk and student representative in person. They must meet with the CMP before arriving at the hostel.

19.956 Room Allocation: Students are assigned to the same room as the hostel staff member.

The campus doctor will be available for medical check-ups or visits during this time period, but they cannot visit the hostel security desk and student representative in person. They must meet with the CMP before arriving at the hostel.

19.957 Room Allocation: Students are assigned to the same room as the hostel staff member.

The campus doctor will be available for medical check-ups or visits during this time period, but they cannot visit the hostel security desk and student representative in person. They must meet with the CMP before arriving at the hostel.

19.958 Room Allocation: Students are assigned to the same room as the hostel staff member.

The campus doctor will be available for medical check-ups or visits during this time period, but they cannot visit the hostel security desk and student representative in person. They must meet with the CMP before arriving at the hostel.

19.959 Room Allocation: Students are assigned to the same room as the hostel staff member.

The campus doctor will be available for medical check-ups or visits during this time period, but they cannot visit the hostel security desk and student representative in person. They must meet with the CMP before arriving at the hostel.

19.960 Room Allocation: Students are assigned to the same room as the hostel staff member.

The campus doctor will be available for medical check-ups or visits during this time period, but they cannot visit the hostel security desk and student representative in person. They must meet with the CMP before arriving at the hostel.

19.961 Room Allocation: Students are assigned to the same room as the hostel staff member.

The campus doctor will be available for medical check-ups or visits during this time period, but they cannot visit the hostel security desk and student representative in person. They must meet with the CMP before arriving at the hostel.

19.962 Room Allocation: Students are assigned to the same room as the hostel staff member.

The campus doctor will be available for medical check-ups or visits during this time period, but they cannot visit the hostel security desk and student representative in person. They must meet with the CMP before arriving at the hostel.

19.963 Room Allocation: Students are assigned to the same room as the hostel staff member.

The campus doctor will be available for medical check-ups or visits during this time period, but they cannot visit the hostel security desk and student representative in person. They must meet with the CMP before arriving at the hostel.

19.964 Room Allocation: Students are assigned to the same room as the hostel staff member.

The campus doctor will be available for medical check-ups or visits during this time period, but they cannot visit the hostel security desk and student representative in person. They must meet with the CMP before arriving at the hostel.

19.965 Room Allocation: Students are assigned to the same room as the hostel staff member.

The campus doctor will be available for medical check-ups or visits during this time period, but they cannot visit the hostel security desk and student representative in person. They must meet with the CMP before arriving at the hostel.

19.966 Room Allocation: Students are assigned to the same room as the hostel staff member.

The campus doctor will be available for medical check-ups or visits during this time period, but they cannot visit the hostel security desk and student representative in person. They must meet with the CMP before arriving at the hostel.

19.967 Room Allocation: Students are assigned to the same room as the hostel staff member.

The campus doctor will be available for medical check-ups or visits during this time period, but they cannot visit the hostel security desk and student representative in person. They must meet with the CMP before arriving at the hostel.

19.968 Room Allocation: Students are assigned to the same room as the hostel staff member.

The campus doctor will be available for medical check-ups or visits during this time period, but they cannot visit the hostel security desk and student representative in person. They must meet with the CMP before arriving at the hostel.

19.969 Room Allocation: Students are assigned to the same room as the hostel staff member.

The campus doctor will be available for medical check-ups or visits during this time period, but they cannot visit the hostel security desk and student representative in person. They must meet with the CMP before arriving at the hostel.

19.970 Room Allocation: Students are assigned to the same room as the hostel staff member.

The campus doctor will be available for medical check-ups or visits during this time period, but they cannot visit the hostel security desk and student representative in person. They must meet with the CMP before arriving at the hostel.

19.971 Room Allocation: Students are assigned to the same room as the hostel staff member.

The campus doctor will be available for medical check-ups or visits during this time period, but they cannot visit the hostel security desk and student representative in person. They must meet with the CMP before arriving at the hostel.

19.972 Room Allocation: Students are assigned to the same room as the hostel staff member.

The campus doctor will be available for medical check-ups or visits during this time period, but they cannot visit the hostel security desk and student representative in person. They must meet with the CMP before arriving at the hostel.

19.973 Room Allocation: Students are assigned to the same room as the hostel staff member.

The campus doctor will be available for medical check-ups or visits during this time period, but they cannot visit the hostel security desk and student representative in person. They must meet with the CMP before arriving at the hostel.

19.974 Room Allocation: Students are assigned to the same room as the hostel staff member.

The campus doctor will be available for medical check-ups or visits during this time period, but they cannot visit the hostel security desk and student representative in person. They must meet with the CMP before arriving at the hostel.

19.975 Room Allocation: Students are assigned to the same room as the hostel staff member.

The campus doctor will be available for medical check-ups or visits during this time period, but they cannot visit the hostel security desk and student representative in person. They must meet with the CMP before arriving at the hostel.

19.976 Room Allocation: Students are assigned to the same room as the hostel staff member.

The campus doctor will be available for medical check-ups or visits during this time period, but they cannot visit the hostel security desk and student representative in person. They must meet with the CMP before arriving at the hostel.

19.977 Room Allocation: Students are assigned to the same room as the hostel staff member.

The campus doctor will be available for medical check-ups or visits during this time period, but they cannot visit the hostel security desk and student representative in person. They must meet with the CMP before arriving at the hostel.

19.978 Room Allocation: Students are assigned to the same room as the hostel staff member.

The campus doctor will be available for medical check-ups or visits during this time period, but they cannot visit the hostel security desk and student representative in person. They must meet with the CMP before arriving at the hostel.

19.979 Room Allocation: Students are assigned to the same room as the hostel staff member.

The campus doctor will be available for medical check-ups or visits during this time period, but they cannot visit the hostel security desk and student representative in person. They must meet with the CMP before arriving at the hostel.

19.980 Room Allocation: Students are assigned to the same room as the hostel staff member.

The campus doctor will be available for medical check-ups or visits during this time period, but they cannot visit the hostel security desk and student representative in person. They must meet with the CMP before arriving at the hostel.

19.981 Room Allocation: Students are assigned to the same room as the hostel staff member.

The campus doctor will be available for medical check-ups or visits during this time period, but they cannot visit the hostel security desk and student representative in person. They must meet with the CMP before arriving at the hostel.

19.982 Room Allocation: Students are assigned to the same room as the hostel staff member.

The campus doctor will be available for medical check-ups or visits during this time period, but they cannot visit the hostel security desk and student representative in person. They must meet with the CMP before arriving at the hostel.

19.983 Room Allocation: Students are assigned to the same room as the hostel staff member.

The campus doctor will be available for medical check-ups or visits during this time period, but they cannot visit the hostel security desk and student representative in person. They must meet with the CMP before arriving at the hostel.

19.984 Room Allocation: Students are assigned to the same room as the hostel staff member.

The campus doctor will be available for medical check-ups or visits during this time period, but they cannot visit the hostel security desk and student representative in person. They must meet with the CMP before arriving at the hostel.

19.985 Room Allocation: Students are assigned to the same room as the hostel staff member.

The campus doctor will be available for medical check-ups or visits during this time period, but they cannot visit the hostel security desk and student representative in person. They must meet with the CMP before arriving at the hostel.

19.986 Room Allocation: Students are assigned to the same room as the hostel staff member.

The campus doctor will be available for medical check-ups or visits during this time period, but they cannot visit the hostel security desk and student representative in person. They must meet with the CMP before arriving at the hostel.

19.987 Room Allocation: Students are assigned to the same room as the hostel staff member.

The campus doctor will be available for medical check-ups or visits during this time period, but they cannot visit the hostel security desk and student representative in person. They must meet with the CMP before arriving at the hostel.

19.988 Room Allocation: Students are assigned to the same room as the hostel staff member.

The campus doctor will be available for medical check-ups or visits during this time period, but they cannot visit the hostel security desk and student representative in person. They must meet with the CMP before arriving at the hostel.

19.989 Room Allocation: Students are assigned to the same room as the hostel staff member.

The campus doctor will be available for medical check-ups or visits during this time period, but they cannot visit the hostel security desk and student representative in person. They must meet with the CMP before arriving at the hostel.

19.990 Room Allocation: Students are assigned to the same room as the hostel staff member.

The campus doctor will be available for medical check-ups or visits during this time period, but they cannot visit the hostel security desk and student representative in person. They must meet with the CMP before arriving at the hostel.

19.991 Room Allocation: Students are assigned to the same room as the hostel staff member.

The campus doctor will be available for medical check-ups or visits during this time period, but they cannot visit the hostel security desk and student representative in person. They must meet with the CMP before arriving at the hostel.

19.992 Room Allocation: Students are assigned to the same room as the hostel staff member.

The campus doctor will be available for medical check-ups or visits during this time period, but they cannot visit the hostel security desk and student representative in person. They must meet with the CMP before arriving at the hostel.

19.993 Room Allocation: Students are assigned to the same room as the hostel staff member.

The campus doctor will be available for medical check-ups or visits during this time period, but they cannot visit the hostel security desk and student representative in person. They must meet with the CMP before arriving at the hostel.

19.994 Room Allocation: Students are assigned to the same room as the hostel staff member.

The campus doctor will be available for medical check-ups or visits during this time period, but they cannot visit the hostel security desk and student representative in person. They must meet with the CMP before arriving at the hostel.

19.995 Room Allocation: Students are assigned to the same room as the hostel staff member.

The campus doctor will be available for medical check-ups or visits during this time period, but they cannot visit the hostel security desk and student representative in person. They must meet with the CMP before arriving at the hostel.

19.996 Room Allocation: Students are assigned to the same room as the hostel staff member.

The campus doctor will be available for medical check-ups or visits during this time period, but they cannot visit the hostel security desk and student representative in person. They must meet with the CMP before arriving at the hostel.

19.997 Room Allocation: Students are assigned to the same room as the hostel staff member.

The campus doctor will be available for medical check-ups or visits during this time period, but they cannot visit the hostel security desk and student representative in person. They must meet with the CMP before arriving at the hostel.

19.998 Room Allocation: Students are assigned to the same room as the hostel staff member.

The campus doctor will be available for medical check-ups or visits during this time period, but they cannot visit the hostel security desk and student representative in person. They must meet with the CMP before arriving at the hostel.

19.999 Room Allocation: Students are assigned to the same room as the hostel staff member.

The campus doctor will be available for medical check-ups or visits during this time period, but they cannot visit the hostel security desk and student representative in person. They must meet with the CMP before arriving at the hostel.

2019-04-30 15:07:56
The University of California, Berkeley (UCB) has announced that it will be expanding its campus to include a new building on the campus of the University of California, Berkeley. The university is planning to expand its campus by adding a new building in the 2nd and 3rd floors, as well as a new building at the north end of the campus. The expansion includes a new building that will be located near the university's main campus office area.
The UCB has also announced plans for a new campus on the west side of the campus, which is expected to include a new building in the 2nd and 3rd floors as well as a new building at the north end of the campus. The expansion includes a new building that will be located near the university's main campus office area.
The UCB has also announced plans for a new campus on the east side of the campus, which is expected to include a new building in the 2nd and 3rd floors as well as a new building at the north end of the campus. The expansion includes a new building that will be located near the university's main campus office area.
The UCB has also announced plans for a new campus on the south side of the campus, which is expected to include a new building in the 2nd and 3rd floors as well as a new building at the north end of the campus. The expansion includes a new building that will be located near the university's main campus office area.
The UCB has also announced plans for a new campus on the west side of the campus, which is expected to include a new building in the 2nd and 3rd floors as well as a new building at the north end of the campus. The expansion includes a new building that will be located near the university's main campus office area.
The UCB has also announced plans for a new campus on the east side of the campus, which is expected to include a new building in the 2nd and 3rd floors as well as a new building at the north end of the campus. The expansion includes a new building that will be located near the university's main campus office area.
The UCB has also announced plans for a new campus on the south side of the campus, which is expected to include a new building in the 2nd and 3rd floors as well as a new building at the north end of the campus. The expansion includes a new building that will be located near the university's main campus office area.
The UCB has also announced plans for a new campus on the west side of the campus, which is expected to include a new building in the 2nd and 3rd floors as well as a new building at the north end of the campus. The expansion includes a new building that will be located near the university's main campus office area.
The UCB has also announced plans for a new campus on the east side of the campus, which is expected to include a new building in the 2nd and 3rd floors as well as a new building at the north end of the campus. The expansion includes a new building that will be located near the university's main campus office area.
The UCB has also announced plans for a new campus on the south side of the campus, which is expected to include a new building in the 2nd and 3rd floors as well as a new building at the north end of the campus. The expansion includes a new building that will be located near the university's main campus office area.
The UCB has also announced plans for a new campus on the west side of the campus, which is expected to include a new building in the 2nd and 3rd floors as well as a new building at the north end of the campus. The expansion includes a new building that will be located near the university's main campus office area.
The UCB has also announced plans for a new campus on the east side of the campus, which is expected to include a new building in the 2nd and 3rd floors as well as a new building at the north end of the campus. The expansion includes a new building that will be located near the university's main campus office area.
The UCB has also announced plans for a new campus on the west side of the campus, which is expected to include a new building in the 2nd and 3rd floors as well as a new building at the north end of the campus. The expansion includes a new building that will be located near the university's main campus office area.
The UCB has also announced plans for a new campus on the south side of the campus, which is expected to include a new building in the 2nd and 3rd floors as well as a new building at the north end of the campus. The expansion includes a new building that will be located near the university's main campus office area.
The UCB has also announced plans for a new campus on the east side of the campus, which is expected to include a new building in the 2nd and 3rd floors as well as a new building at the north end of the campus. The expansion includes a new building that will be located near the university's main campus office area.
The UCB has also announced plans for a new campus on the west side of the campus, which is expected to include a new building in the 2nd and 3rd floors as well as a new building at the north end of the campus. The expansion includes a new building that will be located near the university's main campus office area.
The UCB has also announced plans for a new campus on the south side of the campus, which is expected to include a new building in the 2nd and 3rd floors as well as a new building at the north end of the campus. The expansion includes a new building that will be located near the university's main campus office area.
The UCB has also announced plans for a new campus on the east side of the campus, which is expected to include a new building in the 2nd and 3rd floors as well as a new building at the north end of the campus. The expansion includes a new building that will be located near the university's main campus office area.
The UCB has also announced plans for a new campus on the west side of the campus, which is expected to include a new building in the 2nd and 3rd floors as well as a new building at the north end of the campus. The expansion includes a new building that will be located near the university's main campus office area.
The UCB has also announced plans for a new campus on the south side of the campus, which is expected to include a new building in the 2nd and 3rd floors as well as a new building at the north end of the campus. The expansion includes a new building that will be located near the university's main campus office area.
The UCB has also announced plans for a new campus on the east side of the campus, which is expected to include a new building in the 2nd and 3rd floors as well as a new building at the north end of the campus. The expansion includes a new building that will be located near the university's main campus office area.
The UCB has also announced plans for a new campus on the west side of the campus, which is expected to include a new building in the 2nd and 3rd floors as well as a new building at the north end of the campus. The expansion includes a new building that will be located near the university's main campus office area.
The UCB has also announced plans for a new campus on the east side of the campus, which is expected to include a new building in the 2nd and 3rd floors as well as a new building at the north end of the campus. The expansion includes a new building that will be located near the university's main campus office area.
The UCB has also announced plans for a new campus on the west side of the campus, which is expected to include a new building in the 2nd and 3rd floors as well as a new building at the north end of the campus. The expansion includes a new building that will be located near the university's main campus office area.
The UCB has also announced plans for a new campus on the south side of the campus, which is expected to include a new building in the 2nd and 3rd floors as well as a new building at the north end of the campus. The expansion includes a new building that will be located near the university's main campus office area.
The UCB has also announced plans for a new campus on the east side of the campus, which is expected to include a new building in the 2nd and 3rd floors as well as a new building at the north end of the campus. The expansion includes a new building that will be located near the university's main campus office area.
The UCB has also announced plans for a new campus on the west side of the campus, which is expected to include a new building in the 2nd and 3rd floors as well as a new building at the north end of the campus. The expansion includes a new building that will be located near the university's main campus office area.
The UCB has also announced plans for a new campus on the south side of the campus, which is expected to include a new building in the 2nd and 3rd floors as well as a new building at the north end of the campus. The expansion includes a new building that will be located near the university's main campus office area.
The UCB has also announced plans for a new campus on the east side of the campus, which is expected to include a new building in the 2nd and 3rd floors as well as a new building at the north end of the campus. The expansion includes a new building that will be located near the university's main campus office area.
The UCB has also announced plans for a new campus on the west side of the campus, which is expected to include a new building in the 2nd and 3rd floors as well as a new building at the north end of the campus. The expansion includes a new building that will be located near the university's main campus office area.
The UCB has also announced plans for a new campus on the east side of the campus, which is expected to include a new building in the 2nd and 3rd floors as well as a new building at the north end of the campus. The expansion includes a new building that will be located near the university's main campus office area.
The UCB has also announced plans for a new campus on the west side of the campus, which is expected to include a new building in the 2nd and 3rd floors as well as a new building at the north end of the campus. The expansion includes a new building that will be located near the university's main campus office area.
The UCB has also announced plans for a new campus on the south side of the campus, which is expected to include a new building in the 2nd and 3rd floors as well as a new building at the north end of the campus. The expansion includes a new building that will be located near the university's main campus office area.
The UCB has also announced plans for a new campus on the east side of the campus, which is expected to include a new building in the 2nd and 3rd floors as well as a new building at the north end of the campus. The expansion includes a new building that will be located near the university's main campus office area.
The UCB has also announced plans for a new campus on the west side of the campus, which is expected to include a new building in the 2nd and 3rd floors as well as a new building at the north end of the campus. The expansion includes a new building that will be located near the university's main campus office area.
The UCB has also announced plans for a new campus on the east side of the campus, which is expected to include a new building in the 2nd and 3rd floors as well as a new building at the north end of the campus. The expansion includes a new building that will be located near the university's main campus office area.
The UCB has also announced plans for a new campus on the west side of the campus, which is expected to include a new building in the 2nd and 3rd floors as well as a new building at the north end of the campus. The expansion includes a new building that will be located near the university's main campus office area.
The UCB has also announced plans for a new campus on the south side of the campus, which is expected to include a new building in the 2nd and 3rd floors as well as a new building at the north end of the campus. The expansion includes a new building that will be located near the university's main campus office area.
The UCB has also announced plans for a new campus on the east side of the campus, which is expected to include a new building in the 2nd and 3rd floors as well as a new building at the north end of the campus. The expansion includes a new building that will be located near the university's main campus office area.
The UCB has also announced plans for a new campus on the west side of the campus, which is expected to include a new building in the 2nd and 3rd floors as well as a new building at the north end of the campus. The expansion includes a new building that will be located near the university's main campus office area.
The UCB has also announced plans for a new campus on the east side of the campus, which is expected to include a new building in the 2nd and 3rd floors as well as a new building at the north end of the campus. The expansion includes a new building that will be located near the university's main campus office area.
The UCB has also announced plans for a new campus on the west side of the campus, which is expected to include a new building in the 2nd and 3rd floors as well as a new building at the north end of the campus. The expansion includes a new building that will be located near the university's main campus office area.
The UCB has also announced plans for a new campus on the south side of the campus, which is expected to include a new building in the 2nd and 3rd floors as well as a new building at the north end of the campus. The expansion includes a new building that will be located near the university's main campus office area.
The UCB has also announced plans for a new campus on the east side of the campus, which is expected to include a new building in the 2nd and 3rd floors as well as a new building at the north end of the campus. The expansion includes a new building that will be located near the university's main campus office area.
The UCB has also announced plans for a new campus on the west side of the campus, which is expected to include a new building in the 2nd and 3rd floors as well as a new building at the north end of the campus. The expansion includes a new building that will be located near the university's main campus office area.
The UCB has also announced plans for a new campus on the east side of the campus, which is expected to include a new building in the 2nd and 3rd floors as well as a new building at the north end of the campus. The expansion includes a new building that will be located near the university's main campus office area.
The UCB has also announced plans for a new campus on the west side of the campus, which is expected to include a new building in the 2nd and 3rd floors as well as a new building at the north end of the campus. The expansion includes a new building that will be located near the university's main campus office area.
The UCB has also announced plans for a new campus on the east side of the campus, which is expected to include a new building in the 2nd and 3rd floors as well as a new building at the north end of the campus. The expansion includes a new building that will be located near the university's main campus office area.
The UCB has also announced plans for a new campus on the west side of the campus, which is expected to include a new building in the 2nd and 3rd floors as well as a new building at the north end of the campus. The expansion includes a new building that will be located near the university's main campus office area.
The UCB has also announced plans for a new campus on the east side of the campus, which is expected to include a new building in the 2nd and 3rd floors as well as a new building at the north end of the campus. The expansion includes a new building that will be located near the university's main campus office area.
The UCB has also announced plans for a new campus on the west side of the campus, which is expected to include a new building in the 2nd and 3rd floors as well as a new building at the north end of the campus. The expansion includes a new building that will be located near the university's main campus office area.
The UCB has also announced plans for a new campus on the east side of the campus, which is expected to include a new building in the 2nd and 3rd floors as well as a new building at the north end of the campus. The expansion includes a new building that will be located near the university's main campus office area.
The UCB has also announced plans for a new campus on the west side of the campus, which is expected to include a new building in the 2nd and 3rd floors as well as a new building at the north end of the campus. The expansion includes a new building that will be located near the university's main campus office area.
The UCB has also announced plans for a new campus on the east side of the campus, which is expected to include a new building in the 2nd and 3rd floors as well as a new building at the north end of the campus. The expansion includes a new building that will be located near the university's main campus office area.
The UCB has also announced plans for a new campus on the west side of the campus, which is expected to include a new building in the 2nd and 3rd floors as well as a new building at the north end of the campus. The expansion includes a new building that will be located near the university's main campus office area.
The UCB has also announced plans for a new campus on the east side of the campus, which is expected to include a new building in the 2nd and 3rd floors as well as a new building at the north end of the campus. The expansion includes a new building that will be located near the university's main campus office area.
The UCB has also announced plans for a new campus on the west side of the campus, which is expected to include a new building in the 2nd and 3rd floors as well as a new building at the north end of the campus. The expansion includes a new building that will be located near the university's main campus office area.
The UCB has also announced plans for a new campus on the east side of the campus, which is expected to include a new building in the 2nd and 3rd floors as well as a new building at the north end of the campus. The expansion includes a new building that will be located near the university's main campus office area.
The UCB has also announced plans for a new campus on the west side of the campus, which is expected to include a new building in the 2nd and 3rd floors as well as a new building at the north end of the campus. The expansion includes a new building that will be located near the university's main campus office area.
The UCB has also announced plans for a new campus on the east side of the campus, which is expected to include a new building in the 2nd and 3rd floors as well as a new building at the north end of the campus. The expansion includes a new building that will be located near the university's main campus office area.
The UCB has also announced plans for a new campus on the west",,"consultation with the chief medical officer (cmo) is free for students. the cmo is available monday to saturday. nursing staff are in the infirmary from 10:00 am to 5:00 pm. however, students have to pay for medicines and any treatment at empaneled external medical facilities.",1,250.251691,fd88ec78-b6e6-4cd3-bd74-e8fe03820755,01a0ecb8-2b45-74f3-94e9-c1835b53d44b
2,are microwaves or electric kettles allowed in the hostel room?,"no, microwaves and electric kettles cannot be allowed in the hostel room.

15.6 Consumption of Food in Hostel 
room: students must carry a torch light whilst using the common areas of the campus in the late evening and night hours. 
24.7 Students are required to attend their dormitory 
during the day, but they cannot stay at the hostel during this time. They can only use the common areas of the dormitories for studying or dining. 
15.8   Pets: Keeping pets in the hostel is strictly prohibited. Violations will result in severe disciplinary actions, including rustication.",,"no. heavy-duty electrical appliances like irons, microwaves, room heaters, and hair dryers are not allowed in hostel rooms. the university covers up to 100 units of electricity per room per month; usage beyond that, particularly for air conditioning, is billed equally to all occupants of the room.",1,0.548569,cd13f609-70f7-43e9-9b4b-df3388d1e56a,01a0ecbc-64bd-73e0-9557-a70e63ca82a3
3,how do i apply for leave to go home for a weekend?,"13.2   Generally, students should submit an application form in the prescribed format along with their consent from the warden and the local authorities. The student must also provide information about their departure plans, including any travel arrangements they may have made during the stay at the hostel. They are required to sign a leave slip that confirms receipt of the leave application and provides details on how they plan to return home after their departure.",,"your parents need to email the warden at warden.hostel@vijaybhoomi.edu.in, preferably a day in advance (two days if it is a holiday). based on that email the warden will sign your leave application. you then submit the admin copy of the leave form to security and keep the student copy, which you hand back to security when you return.",1,0.427242,585ca7d4-45b7-4e46-81cb-76597c6f2485,01a0ecbc-6ee2-73e0-bbb5-23f81099cb9c
4,how much wifi data do i get per month and what is the speed?,"The answer is: 
18.1 WIFI DATA DOWNLOADS PER MONTH

This means that each student at Vijaybhoomi University can download 150 GB of internet data every month, which would be equivalent to about 24 hours of browsing on the Wi-Fi network.",,"each student gets 150 gb of data per month. the speed is 10 mbps, but if you connect two devices simultaneously the speed splits between both devices. additional data can be purchased after the 150 gb limit is exhausted.",0,0.364234,d9d3b8fb-45da-49c1-9151-ce437682a34f,01a0ecbc-73b2-70b3-b618-85154155774e
5,how does the hostel laundry service work and how long does it take?,"The hostel laundry service works as follows:

1. The hostel provides a full-service laundry facility where students can wash their clothes regularly, without submitting any additional items to ensure efficiency in the process. 

2. The hostel offers an option for students to choose from three different washing options:
   - A 3Kg load of clothes at any given time (on them)
   - A 4Kg load of clothes at any given time (in a cloth bag)
   - A 5Kg load of clothes at any given time (in a cloth bag).

3. The hostel provides an option for students to choose from the following washing options:
   - A 2Kg load of clothes at any given time (on them)
   - A 4Kg load of clothes at any given time (in a cloth bag)
   - A 5Kg load of clothes at any given time (in a cloth bag).

4. The hostel offers an option for students to choose from the following washing options:
   - A 30-minute wash with no additional items
   - A 20-minute wash with some extra items
   - A 15-minute wash with some extra items

The service provider reserves the right to take only 3 Kg of clothes at any given time, ensuring that students can maintain their privacy and hygiene. The hostel offers a full-service laundry facility where students can wash their clothes regularly without submitting additional items for efficiency in the process.",,the university has an in-house laundry service available at an additional cost. clothes must be delivered in a cloth bag during operating hours. the maximum load accepted at one time is 3 kilograms. processing time is 2 to 4 days on average. payment must be made electronically only. the service provider will not wash undergarments or lingerie.,0,0.948575,59285d90-7605-4319-8772-d0fabf5f8a3d,01a0ecbc-7820-7e51-a1fd-fd93c2cc3fa6
6,can i order zomato or swiggy and eat it in my room?,"No, you cannot order food to be consumed in your room. The rules are strictly against eating food inside the hostel room. 

The reason is that food must only be consumed by students who have been admitted into the hostel for a period of time and can consume it within their designated areas or other designated areas. This includes students who cannot eat at home due to illness, dietary restrictions, or other reasons.",,"students can order food from outside, but they are required to consume it in the student mess or other designated areas. eating outside delivery food in the hostel room is not allowed.",1,0.400164,67d2e926-3f47-45d9-995b-812fa5c13f21,01a0ecbc-7f54-7f91-add3-bed0db00b931
7,can i cook food in my hostel room?,"Yes, you can cook food in your hostel room. The University reserves the right to disallow possession of items in the rooms and warden will have final say on such a decision. Please note that this would include goods ordered from E-commerce platforms.",,"no, consumption of cooked food inside the hostel room is strictly prohibited. students must eat in the student mess or other designated areas. this rule applies to both mess food and food ordered from outside.",0,0.299072,f8ced213-6748-4d22-b513-c41a11c76265,01a0ecbc-83e5-7f62-aa79-578a8b78edc5
8,can i come back after 9pm on a friday night?,"No, you cannot come back after 9 PM on a Friday Night. The rules are as follows:

1. Students arriving late for the first time will be warned and 
will have to return to campus by 09:30 PM. 
2. Students coming late for the first time will not be allowed to leave 
campus beyond 09:00 PM on the following day.
3. Students arriving late for the first time will be notified of this and 
will have to return to campus by 11:00 PM. 
4. Students coming late for the first time will not be allowed to leave 
campus beyond 09:00 PM on the following day.
5. Students arriving late for the first time will be notified of this and 
will have to return to campus by 12:30 PM. 
6. Students coming late for the first time will not be allowed to leave 
campus beyond 09:00 PM on the following day.",,"yes, on fridays and saturdays students can return to campus by 11:00 pm. but on sundays the curfew is back to 09:00 pm because classes start the next day.",0,0.709194,9ab70f44-0582-4cd9-b8f7-a7053aa7b739,01a0ecbc-87e5-7250-a08d-90a733321171
9,what time do i have to be back in the hostel by on a regular weekday?,"15.2 On Fridays and Saturdays students may 
report back to campus by 10:30 PM but not later than that. 
14.2   The students should plan their journey ahead by flight/ train etc. keeping in mind the exit time from campus.",,"students must return to campus by 09:00 pm on regular weekdays. a 30-minute grace period is allowed for the first late return, after which a fine of rs 500 per night is charged from the second offence onwards.",0,0.315672,94c27158-641a-49a6-9da9-cd885eafeacd,01a0ecbc-8ddb-7fa1-a2cb-616621e2d57d
